"","date","non-vaccines","n-type","n-type_desc","JNJ_n_event","SASY_n_event","MRNA_n_event","AZN_n_event","NVAX_n_event","PFE_n_event","GSK_n_event","BNTX_n_event","cancer","cancer_present","approval_ne","approval_ne_present","expansion","expansion_present","merger","merger_present","equity","equity_present","market_authorization","market_authorization_present","EMA","EMA_present"
0,"2019-10-14","U.S. FDA Approves XARELTO (Rivaroxaban) To Help Prevent Blood Clots In Acutely Ill Medical Patients; ImaginAb Signs Multi-Party Collaboration Agreement With 3 Global Pharmaceutical Cos","Products; Products, Strategic Combinations","Oct 14 (Reuters) - Johnson & Johnson ::U.S. FDA APPROVES XARELTO® (RIVAROXABAN) TO HELP PREVENT BLOOD CLOTS IN ACUTELY ILL MEDICAL PATIENTS.JANSSEN - FDA HAS APPROVED XARELTO TO HELP PREVENT BLOOD CLOTS IN ACUTELY ILL MEDICAL PATIENTS.; Oct 14 (Reuters) - ImaginAb::IMAGINAB SIGNS MULTI-PARTY COLLABORATION AGREEMENT WITH 3 GLOBAL PHARMACEUTICAL COS TO HELP FURTHER DEVELOP CO'S CD8 IMMUNOPET TECHNOLOGY.ANNOUNCED SIGNING OF MULTI-PARTY AGREEMENT WITH ASTRAZENECA, PFIZER, TAKEDA PHARMACEUTICAL.COLLABORATORS TO HELP GUIDE IMAGINAB-SPONSORED CLINICAL TRIAL AIMING TO EVALUATE UTILITY, VALUE OF CD8 IMMUNOPET IN IMMUNO-ONCOLOGY DRUG DEVELOPMENT.COLLABORATORS WILL GAIN EARLY ACCESS TO CLINICAL & IMAGING DATA & COLLECTIVELY CONTRIBUTE TO POST-TRIAL DATA ANALYSIS.",1,0,0,1,0,0,0,0,"",0,"",0,"",0,"",0,"",0,"",0,"",0
1,"2019-10-18","Johnson & Johnson Consumer Inc To Voluntarily Recall Single Lot Of Johnson's Baby Powder In U.S.; Sanofi To Conduct Precautionary Voluntary Recall Of Zantac OTC In U.S.,Canada","Products; Products, Regulatory","Oct 18 (Reuters) - Johnson & Johnson Consumer Inc::JOHNSON & JOHNSON CONSUMER INC. TO VOLUNTARILY RECALL A SINGLE LOT OF JOHNSON'S BABY POWDER IN THE UNITED STATES.SAYS RECALL LIMITED TO ONE LOT OF BOTTLES PRODUCED AND SHIPPED IN U.S. IN 2018.SAYS JJCI IS INITIATING VOLUNTARY RECALL OF LOT #22318RB OF JOHNSON'S BABY POWDER, FROM WHICH TESTED SAMPLE WAS TAKEN.SAYS RECALL IN RESPONSE TO FDA TEST INDICATING PRESENCE OF SUB-TRACE LEVELS OF CHRYSOTILE ASBESTOS CONTAMINATION IN SAMPLES FROM SINGLE BOTTLE BOUGHT FROM ONLINE RETAILER.SAYS AT THIS EARLY STAGE OF INVESTIGATION, JJCI CANNOT CONFIRM IF CROSS-CONTAMINATION OF SAMPLE CAUSED A FALSE POSITIVE.SAYS CANNOT CONFIRM IF SAMPLE WAS TAKEN FROM A BOTTLE WITH INTACT SEAL OR WHETHER SAMPLE WAS PREPARED IN CONTROLLED ENVIRONMENT.SAYS CANNOT CONFIRM WHETHER TESTED PRODUCT IS AUTHENTIC OR COUNTERFEIT.SAYS INITIATED INVESTIGATION INTO MATTER WHERE FDA'S TEST INDICATED PRESENCE OF SUB-TRACE LEVELS OF CHRYSOTILE ASBESTOS CONTAMINATION IN SAMPLES OF A BABY POWDER BOTTLE.SAYS JJCI IS WORKING WITH FDA TO DETERMINE INTEGRITY OF TESTED SAMPLE, VALIDITY OF TEST RESULTS.; Oct 18 (Reuters) - Sanofi SA ::SANOFI TO CONDUCT PRECAUTIONARY VOLUNTARY RECALL OF ZANTAC OTC IN U.S.AND CANADA.SANOFI SAYS RECALL IS BEING TAKEN DUE TO POSSIBLE CONTAMINATION WITH NITROSAMINE IMPURITY CALLED N-NITROSODIMETHYLAMINE.SANOFI - DUE TO INCONSISTENCIES IN PRELIMINARY RESULTS OF ACTIVE INGREDIENT USED IN ZANTAC OTC PRODUCTS, CO DECIDED TO CONDUCT VOLUNTARY RECALL.SANOFI SAYS ACTIVE INGREDIENTS USED IN SANOFI’S RANITIDINE PRODUCTS OUTSIDE OF U.S. & CANADA ARE SOURCED FROM DIFFERENT SUPPLIERS.",1,1,0,0,0,0,0,0,"",0,"",0,"",0,"",0,"",0,"",0,"",0
2,"2019-12-20","Johnson & Johnson Agrees To Acquire Remaining Stake In Verb Surgical; Johnson & Johnson Acquires Taris Biomedical With Focus On Transforming The Treatment Of Bladder Cancer; AstraZeneca Divests Rights To Arimidex And Casodex In Europe And Certain Additional Countries; Juvisé buys two oncology products from AstraZeneca in over 40 countries","Regulatory; Mergers / Acquisitions; Divestitures / Spin-offs, Other Pre-Announcement; Mergers / Acquisitions","Dec 20 (Reuters) - Johnson & Johnson ::JOHNSON & JOHNSON ANNOUNCES AGREEMENT TO ACQUIRE REMAINING STAKE IN VERB SURGICAL INC..J&J - FINANCIAL TERMS OF TRANSACTION ARE NOT BEING DISCLOSED..J&J - ANNOUNCED AN AGREEMENT TO ACQUIRE REMAINING STAKE IN VERB SURGICAL INC FOLLOWING SUCCESSFUL STRATEGIC COLLABORATION WITH VERILY.; Dec 20 (Reuters) - Johnson & Johnson ::JOHNSON & JOHNSON ACQUIRES TARIS BIOMEDICAL WITH FOCUS ON TRANSFORMING THE TREATMENT OF BLADDER CANCER.J&J - FINANCIAL TERMS OF TRANSACTION ARE NOT BEING DISCLOSED.J&J - TARIS WILL BECOME PART OF JANSSEN RESEARCH AND DEVELOPMENT'S ONCOLOGY THERAPEUTIC AREA.; Dec 20 (Reuters) - AstraZeneca PLC ::ASTRAZENECA PLC - ASTRAZENECA DIVESTS RIGHTS TO ARIMIDEX AND CASODEX.ASTRAZENECA PLC - ASTRAZENECA DIVESTS RIGHTS TO ARIMIDEX AND CASODEX IN EUROPE AND CERTAIN ADDITIONAL COUNTRIES.ASTRAZENECA PLC - JUVISÉ PHARMACEUTICALS HAS MADE AN UPFRONT PAYMENT OF $181M TO ASTRAZENECA.ASTRAZENECA PLC - DIVESTMENT DOES NOT CHANGE COMPANY'S FINANCIAL GUIDANCE FOR 2019..; Dec 20 (Reuters) - AstraZeneca PLC /Juvise::* Juvisé Pharmaceuticals is pleased to announce the successful completion of a transaction with AstraZeneca, regarding the acquisition of the commercial rights of Arimidex® (anastrozole) and Casodex® (bicalutamide) in a number of European, African and other countries..",1,0,0,1,0,0,0,0,"Johnson & Johnson Agrees To Acquire Remaining Stake In Verb Surgical; Johnson & Johnson Acquires Taris Biomedical With Focus On Transforming The Treatment Of Bladder Cancer; AstraZeneca Divests Rights To Arimidex And Casodex In Europe And Certain Additional Countries; Juvisé buys two oncology products from AstraZeneca in over 40 countries",1,"",0,"",0,"Johnson & Johnson Agrees To Acquire Remaining Stake In Verb Surgical; Johnson & Johnson Acquires Taris Biomedical With Focus On Transforming The Treatment Of Bladder Cancer; AstraZeneca Divests Rights To Arimidex And Casodex In Europe And Certain Additional Countries; Juvisé buys two oncology products from AstraZeneca in over 40 countries",1,"",0,"",0,"Johnson & Johnson Agrees To Acquire Remaining Stake In Verb Surgical; Johnson & Johnson Acquires Taris Biomedical With Focus On Transforming The Treatment Of Bladder Cancer; AstraZeneca Divests Rights To Arimidex And Casodex In Europe And Certain Additional Countries; Juvisé buys two oncology products from AstraZeneca in over 40 countries",1
3,"2020-01-06","AngioSoma Developing Full Salute, A Male Erectile Dysfunction Product (Biosimilar To Cialis And Viagra); Bavencio Significantly Improved Overall Survival In Patients With Locally Advanced Or Metastatic Urothelial Carcinoma; Astrazeneca Says Lokelma Approved In China For Hyperkalaemia; Astrazeneca Says Farxiga Granted FDA Heart Failure Priority Review","Products; Regulatory; Regulatory; Products","Jan 6 (Reuters) - AngioSoma Inc ::ANGIOSOMA INC - ANNOUNCED DEVELOPMENT OF FULL SALUTE, A MALE ERECTILE DYSFUNCTION PRODUCT.ANGIOSOMA - FULL SALUTE PRODUCT CONTAINS E. BREVICORNUM EXTRACT, AN ALL-NATURAL PHOSPHORODIESTERASE-5 INHIBITOR (BIOSIMILAR TO CIALIS AND VIAGRA).; Jan 6 (Reuters) - Pfizer Inc ::BAVENCIO SIGNIFICANTLY IMPROVED OVERALL SURVIVAL IN PATIENTS WITH LOCALLY ADVANCED OR METASTATIC UROTHELIAL CARCINOMA.EMD SERONO - AT PLANNED INTERIM ANALYSIS, PHASE III JAVELIN BLADDER 100 STUDY MET PRIMARY ENDPOINT.EMD SERONO - SAFETY PROFILE FOR BAVENCIO IN TRIAL WAS CONSISTENT WITH THAT IN JAVELIN MONOTHERAPY CLINICAL DEVELOPMENT PROGRAM.; Jan 6 (Reuters) - AstraZeneca PLC ::ASTRAZENECA PLC - LOKELMA APPROVED IN CHINA FOR HYPERKALAEMIA.ASTRAZENECA PLC - LOKELMA HAS BEEN APPROVED IN CHINA FOR TREATMENT OF ADULT PATIENTS WITH HYPERKALAEMIA.; Jan 6 (Reuters) - AstraZeneca PLC ::ASTRAZENECA PLC - FARXIGA GRANTED FDA HEART FAILURE PRIORITY REVIEW.ASTRAZENECA PLC - PRESCRIPTION DRUG USER FEE ACT DATE, FDA ACTION DATE FOR SUPPLEMENTAL APPLICATION, IS SCHEDULED FOR Q2 OF 2020.",0,0,0,1,0,1,0,0,"",0,"",0,"",0,"",0,"",0,"",0,"",0
4,"2020-03-06","Astrazeneca Says Phase III Danube Trial In Unresectable, Stage IV Bladder Cancer Did Not Meet Primary Endpoints","Regulatory","March 6 (Reuters) - AstraZeneca PLC ::ASTRAZENECA PLC - UPDATE ON PHASE III DANUBE TRIAL IN BLADDER CANCER.PHASE III DANUBE TRIAL FOR IMFINZI AND IMFINZI PLUS TREMELIMUMAB IN UNRESECTABLE, STAGE IV BLADDER CANCER DID NOT MEET PRIMARY ENDPOINTS.SAFETY AND TOLERABILITY PROFILES FOR IMFINZI AND COMBINATION WITH TREMELIMUMAB WERE CONSISTENT WITH PREVIOUS TRIALS.SAFETY AND TOLERABILITY PROFILES FOR IMFINZI AND COMBINATION WITH TREMELIMUMAB WERE CONSISTENT WITH PREVIOUS TRIALS.",0,0,0,1,0,0,0,0,"Astrazeneca Says Phase III Danube Trial In Unresectable, Stage IV Bladder Cancer Did Not Meet Primary Endpoints",1,"",0,"",0,"",0,"",0,"",0,"",0
5,"2020-03-16","Sanofi, Regeneron Begin Global Kevzara Clinical Trial Program In Patients With Severe Covid-19; Moderna Announces First Participant Dosed In Nih-Led Phase 1 Study Of Mrna Vaccine Against Novel Coronavirus","Strategic Combinations; Products","March 16 (Reuters) - :REGENERON - CO IS LEADING KEVZARA U.S. TRIALS, SANOFI WILL LEAD UPCOMING EX-U.S. TRIALS.SANOFI AND REGENERON BEGIN GLOBAL KEVZARA (SARILUMAB) CLINICAL TRIAL PROGRAM IN PATIENTS WITH SEVERE COVID-19.REGENERON - U.S. PHASE 2/3 KEVZARA TRIAL INITIATED AND WILL BEGIN ENROLLING PATIENTS IMMEDIATELY.; March 16 (Reuters) - Moderna Inc ::MODERNA ANNOUNCES FIRST PARTICIPANT DOSED IN NIH-LED PHASE 1 STUDY OF MRNA VACCINE (MRNA-1273) AGAINST NOVEL CORONAVIRUS.MODERNA - PREPARING FOR POTENTIAL PHASE 2 STUDY UNDER ITS OWN IND TO BUILD ON DATA FROM ONGOING PHASE 1 STUDY OF VACCINE AGAINST NOVEL CORONAVIRUS.MODERNA INC - MANUFACTURE OF MRNA-1273 MATERIAL FOR POTENTIAL PHASE 2 TRIAL, WHICH COULD BEGIN IN A FEW MONTHS, IS UNDERWAY.",0,1,1,0,0,0,0,0,"",0,"",0,"",0,"",0,"",0,"",0,"",0
6,"2020-03-24","J&J CFO Warns Coronavirus Uncertainty To Make Guidance '100% Precisely Wrong'- WSJ; FDA Posts Alerts About Epipen Auto-Injector Errors; Novavax’ Nanoflu Achieves All Primary Endpoints In Phase 3 Clinical Trial","Other Pre-Announcement, Community; Products; Products, Regulatory","March 23 (Reuters) - :JOHNSON & JOHNSON CFO JOSEPH WOLK WARNS CORONAVIRUS UNCERTAINTY TO MAKE GUIDANCE '100% PRECISELY WRONG'- WSJ.; March 24 (Reuters) - Food and Drug Administration::FDA - ALERTS PATIENTS AND HEALTH CARE PROFESSIONALS OF EPIPEN AUTO-INJECTOR ERRORS RELATED TO DEVICE MALFUNCTIONS AND USER ADMINISTRATION.FDA - PFIZER AND MYLAN IN A LETTER DETAILED HOW EPIPEN DEVICES MAY ACTIVATE PREMATURELY IF BLUE SAFETY RELEASE IS REMOVED USING A SIDEWAY FORCE.U.S FDA SAYS IT IS AWARE OF ADVERSE EVENT REPORTS ASSOCIATED WITH EPIPEN PRODUCTS.FDA - LETTER FROM PFIZER ALSO DESCRIBES SPECIFIC EPIPEN USER ERRORS THAT CAN DELAY/PREVENT ADMINISTRATION OF INTENDED DOSE OF EPINEPHRINE.; March 24 (Reuters) - Novavax Inc ::NOVAVAX’ NANOFLU ACHIEVES ALL PRIMARY ENDPOINTS IN PHASE 3 CLINICAL TRIAL.NOVAVAX INC - NOVAVAX TO SUBMIT A U.S. BLA UNDER FDA'S ACCELERATED APPROVAL PATHWAY.NOVAVAX INC - TRIAL ALSO ACHIEVES STATISTICAL SIGNIFICANCE IN KEY SECONDARY ENDPOINTS.NOVAVAX INC - NANOFLU WAS WELL-TOLERATED AND HAD A SAFETY PROFILE COMPARABLE TO FLUZONE QUADRIVALENT WITH A MODEST INCREASE IN LOCAL ADVERSE EVENTS.",1,0,0,0,1,1,0,0,"",0,"",0,"",0,"",0,"",0,"",0,"",0
7,"2020-04-09","U.S. FDA Approves Braftovi (Encorafenib) In Combination With Cetuximab For The Treatment Of Brafv600e-Mutant Metastatic Colorectal Cancer After Prior Therapy; Emd Serono And Pfizer Submit Application For Bavencio For First-Line Maintenance Treatment Of Locally Advanced Or Metastatic Urothelial Carcinoma","Products; Regulatory","April 8 (Reuters) - Pfizer Inc ::U.S. FDA APPROVES BRAFTOVI® (ENCORAFENIB) IN COMBINATION WITH CETUXIMAB FOR THE TREATMENT OF BRAFV600E-MUTANT METASTATIC COLORECTAL CANCER (CRC) AFTER PRIOR THERAPY.PFIZER - MOST COMMON AR IN THOSE TREATED WITH BRAFTOVI IN COMBINATION WITH CETUXIMAB WERE NAUSEA, DIARRHEA, DERMATITIS ACNEIFORM, AMONG OTHERS.; April 9 (Reuters) - EMD Serono::EMD SERONO AND PFIZER RECEIVE US FDA BREAKTHROUGH THERAPY DESIGNATION AND SUBMIT APPLICATION FOR BAVENCIO® FOR FIRST-LINE MAINTENANCE TREATMENT OF LOCALLY ADVANCED OR METASTATIC UROTHELIAL CARCINOMA.EMD SERONO - APPLICATION IS BASED ON POSITIVE RESULTS FROM AN INTERIM ANALYSIS OF PHASE III JAVELIN BLADDER 100 TRIAL.EMD SERONO - SUPPLEMENTAL BIOLOGICS LICENSE APPLICATION IS BEING REVIEWED BY FDA UNDER ITS REAL-TIME ONCOLOGY REVIEW PILOT PROGRAM.",0,0,0,0,0,1,0,0,"U.S. FDA Approves Braftovi (Encorafenib) In Combination With Cetuximab For The Treatment Of Brafv600e-Mutant Metastatic Colorectal Cancer After Prior Therapy; Emd Serono And Pfizer Submit Application For Bavencio For First-Line Maintenance Treatment Of Locally Advanced Or Metastatic Urothelial Carcinoma",1,"",0,"",0,"",0,"",0,"",0,"",0
8,"2020-04-15","Pharmanutra Signs Deal With Pfizer For Use of Sucrosomiale Technology","Products, Strategic Combinations","April 15 (Reuters) - Pharmanutra SpA ::PFIZER CONSUMER HEALTHCARE ITALY TO USE SUCROSOMIALE TECHNOLOGY FOR NEW MULTICENTRUM MY MAG LAUNCHED BY PFIZER.",0,0,0,0,0,1,0,0,"",0,"",0,"",0,"",0,"",0,"",0,"",0
9,"2020-04-29","Glenmark Pharma Gets ANDA Tentative Approval For Dapagliflozin & Saxagliptin Tablets; Biontech And Pfizer Announce Completion Of Dosing For First Cohort Of Phase 1/2 Trial Of Covid-19 Vaccine Candidates In Germany; J&J Says At 2020 Annual Meeting, Approved Shareholder Proposal For Report On Governance Of Opioids-Related Risks; AstraZeneca Says 20-25% Of Oncology Sales Came From Infused Medicines; AstraZeneca Qtrly Core EPS $1.05, FY 2020 Financial Guidance Unchanged; Catalent Signs Agreement With Johnson & Johnson To Be U.S. Manufacturing Partner For Lead Covid-19 Vaccine Candidate; GSK Q1 Adj EPS 37.7p, 2020 Adj EPS Forecast Maintained","Regulatory; Regulatory; Earnings Announcements; Other Pre-Announcement; Other Pre-Announcement; Strategic Combinations; Debt Financing / Related, Other Pre-Announcement","April 29 (Reuters) - Glenmark Pharmaceuticals Ltd ::GETS ANDA TENTATIVE APPROVAL FOR DAPAGLIFLOZIN & SAXAGLIPTIN TABLETS, 10 MG/5 MG.; April 29 (Reuters) - BioNTech SE , Pfizer Inc ::ANNOUNCE COMPLETION OF DOSING FOR FIRST COHORT OF PHASE 1/2 TRIAL OF COVID-19 VACCINE CANDIDATES IN GERMANY.PLAN TO INITIATE TRIALS FOR BNT162 IN UNITED STATES UPON REGULATORY APPROVAL, WHICH IS EXPECTED SHORTLY.; April 29 (Reuters) - Johnson & Johnson ::J&J - AT 2020 ANNUAL MEETING, APPROVED SHAREHOLDER PROPOSAL FOR A REPORT ON GOVERNANCE OF OPIOIDS-RELATED RISKS.J&J - AT 2020 ANNUAL MEETING, SHAREHOLDERS DID NOT APPROVE SHAREHOLDER PROPOSAL FOR INDEPENDENT BOARD CHAIR.J&J - AT 2020 ANNUAL MEETING, SHAREHOLDERS ELECTED ALL 13 DIRECTOR NOMINEES NAMED IN 2020 PROXY STATEMENT TO CO'S BOARD.J&J - AT 2020 ANNUAL MEETING, SHAREHOLDERS APPROVED OF AMENDMENT TO RESTATED CERTIFICATE OF INCORPORATION TO PERMIT REMOVAL OF DIRECTORS WITHOUT CAUSE.; April 29 (Reuters) - AstraZeneca PLC ::ASTRAZENECA EXEC SAYS MORE THAN HALF OF SALES IN CANCER THERAPY TAGRISSO IN Q1 CAME FROM OUTSIDE U.S. - MEDIA CALL.ASTRAZENECA EXEC SAYS ECONOMY IN CHINA IS RESTARTING; SEES UPTICK IN PATIENT DEMAND AS NON-COVID-19 PATIENTS COME INTO HOSPITALS - MEDIA CALL.ASTRAZENECA - RESPIRATORY PRODUCTS SYMBICORT & FASENRA SAW DEMAND AS GUIDELINES SAY ASHTMA/COPD PATIENTS SHOULD STAY ON THERAPY AMID VIRUS OUTBREAK.ASTRAZENECA EXEC SEES UNWINDING OF EXCESSIVE STOCK-KEEPING MOST LIKELY OVER THE NEXT 3-6 MONTHS - MEDIA CALL.ASTRAZENECA EXEC SAYS 20-25% OF ONCOLOGY SALES IN Q1 CAME FROM INFUSED MEDICINES, BALANCE FROM ORAL; ADDS ORAL DRUGS HAD FEWER OBSTACLES IN TREATMENT.; April 29 (Reuters) - AstraZeneca PLC ::ASTRAZENECA PLC - AZN: FIRST-QUARTER 2020 RESULTS.ASTRAZENECA - FY20 CAPITAL EXPENDITURE IS EXPECTED TO BE BROADLY STABLE VERSUS PRIOR YEAR.ASTRAZENECA - QTRLY REPORTED EPS $0.59.ASTRAZENECA - EVALUATING USE OF CALQUENCE, APPROVED IN A NUMBER OF COUNTRIES FOR TREATMENT OF CHRONIC LYMPHOCYTIC LEUKAEMIA, IN PHASE II CALAVI TRIAL.ASTRAZENECA - QTRLY CORE EPS $1.05.ASTRAZENECA - DOES NOT EXPECT MATERIAL DELAYS TO ANTICIPATED DATES OF LATE-STAGE AND LIFECYCLE-MANAGEMENT NEWS FLOW IN 2020 AND 2021.ASTRAZENECA - COMPANY DID NOT SEE ANY MATERIAL DISRUPTIONS TO ITS SUPPLY CHAIN IN PERIOD.ASTRAZENECA - MANUFACTURING SITES IN CHINA RETURNED TO FULL CAPACITY WITHIN WEEKS OF DECLARED OUTBREAK, WITH LITTLE INTERVENING IMPACT ON SUPPLY.ASTRAZENECA - IMPACT OF COVID-19 ON COMPANY'S OPERATIONS IS HIGHLY UNCERTAIN.ASTRAZENECA-TAGRISSO RECEIVED REGULATORY APPROVAL IN 81 COUNTRIES, INCLUDING US, CHINA, EU & JAPAN FOR 1ST-LINE TREATMENT OF PATIENTS WITH EGFRM NSCLC.ASTRAZENECA - QTRLY TOTAL REVENUE $6,354 MILLION VERSUS $5,491 MILLION AS REPORTED A YEAR EARLIER.ASTRAZENECA - IN CURRENT ENVIRONMENT, DIRECTORS BELIEVE GROUP RETAINS SUFFICIENT LIQUIDITY TO CONTINUE TO OPERATE.ASTRAZENECA - QTRLY PRODUCT SALES $6,311 MILLION VERSUS $ 5,465 MILLION AS REPORTED A YEAR EARLIER.ASTRAZENECA - FINANCIAL GUIDANCE FOR FY 2020 IS UNCHANGED.ASTRAZENECA - VARIATIONS IN PERFORMANCE BETWEEN QUARTERS CAN BE EXPECTED TO CONTINUE..; April 29 (Reuters) - Catalent Inc ::CATALENT SIGNS AGREEMENT WITH JOHNSON & JOHNSON TO BE U.S. MANUFACTURING PARTNER FOR LEAD COVID-19 VACCINE CANDIDATE.CATALENT - COLLABORATION INCLUDES JOINT INVESTMENT & TECH TRANSFER TO PREPARE FOR RAPID SCALE-UP AND SEGREGATED CGMP COMMERCIAL MANUFACTURING CAPACITY.CATALENT INC - CATALENT TO HIRE 300 ADDITIONAL PERSONNEL TO MEET OPERATIONAL READINESS AND 24X7 MANUFACTURING SCHEDULES.; April 29 (Reuters) - GlaxoSmithKline PLC ::Q1 EPS ROSE 87 PERCENT TO 31.5 PENCE.1ST QUARTER RESULTS.GSK - 19P DIVIDEND DECLARED FOR QUARTER.GSK - 19P DIVIDEND DECLARED FOR QUARTER.GSK - QTRLY TOTAL EPS 31.5P.GSK - QTRLY SALES £9.1 BILLION +19% AER, +19% CER (PROFORMA +10% CER*).GSK - QTRLY ADJUSTED EPS 37.7P.GSK - BASED ON CURRENT ASSESSMENT OF COVID-19, GUIDANCE FOR 2020 ADJUSTED EPS MAINTAINED.GSK - QTRLY TOTAL RESPIRATORY SALES £871 MILLION +38% AER, +38% CER.GSK - QTRLY PHARMACEUTICALS SALES £4.4 BILLION +6% AER, +6% CER.GSK - DO NOT ANTICIPATE ANY SIGNIFICANT DELAYS TO REGULATORY APPROVALS DUE TO PANDEMIC..GSK - QTRLY VACCINES SALES £1.8 BILLION +19% AER, +19% CER; CONSUMER HEALTHCARE SALES £2.9 BILLION +44% AER, +46% CER (PROFORMA +11% CER*).GSK - ARE UNABLE TO PREDICT ULTIMATE DISRUPTIVE IMPACT OF COVID-19 PANDEMIC ON GSK'S BUSINESS PERFORMANCE FOR FULL-YEAR 2020.GSK - Q1 SHINGRIX SALES £647 MILLION.GSK - AT THIS STAGE, WE ARE UNABLE TO PREDICT ULTIMATE DISRUPTIVE IMPACT OF COVID-19 PANDEMIC ON GSK'S BUSINESS PERFORMANCE FOR FULL-YEAR 2020.GSK - LIQUIDITY POSITION STRONG, SUFFICIENT CASH FOR CURRENT OPERATIONAL NEEDS.GSK - ACCESS TO SIGNIFICANT ADDITIONAL UNDRAWN COMMITTED SOURCES OF FINANCE IF REQUIRED.GSK - PERFORMED STRONGLY WITH GROWTH IN SALES AND EARNINGS REFLECTING GOOD UNDERLYING PERFORMANCE AND INCREASED DEMAND, INCLUDING STOCK-BUILDING.GSK - CLOSELY MONITORING ALL PARTS OF ITS MANUFACTURING NETWORK AND HAVE BEEN ABLE TO RESPOND QUICKLY TO FLUCTUATIONS IN DEMAND.",1,0,0,1,0,1,1,0,"",0,"Glenmark Pharma Gets ANDA Tentative Approval For Dapagliflozin & Saxagliptin Tablets; Biontech And Pfizer Announce Completion Of Dosing For First Cohort Of Phase 1/2 Trial Of Covid-19 Vaccine Candidates In Germany; J&J Says At 2020 Annual Meeting, Approved Shareholder Proposal For Report On Governance Of Opioids-Related Risks; AstraZeneca Says 20-25% Of Oncology Sales Came From Infused Medicines; AstraZeneca Qtrly Core EPS $1.05, FY 2020 Financial Guidance Unchanged; Catalent Signs Agreement With Johnson & Johnson To Be U.S. Manufacturing Partner For Lead Covid-19 Vaccine Candidate; GSK Q1 Adj EPS 37.7p, 2020 Adj EPS Forecast Maintained",1,"",0,"",0,"",0,"",0,"",0
10,"2020-05-18","Janssen Presents First Data From Phase 1 Study Of Bcmaxcd3 Bispecific Teclistamab In Patients With Heavily Pretreated Relapsed Or Refractory Multiple Myeloma; Glaxosmithkline Says Study Shows Injectable Cab La 69% More Effective Than Daily Pills In Preventing HIV Acquisition; Janssen Announces Phase 1 Results For Bispecific Antibody Amivantamab In The Treatment Of Patients With Advanced Non-Small Cell Lung Cancer Harboring Exon 20 Insertion Mutations; Moderna Announces Positive Interim Phase 1 Data For Its mRNA Vaccine Against Novel Coronavirus; Cipla Files ANDA For Generic Version Of GSK's Advair Diskus; Glaxosmithkline Says Study Shows Injectable Cab La 69% More Effective Than Daily Pills In Preventing HIV Acquisition; Astrazeneca Says Enhertu Granted U.S. Breakthrough Status For Lung Cancer; Moderna Announces Proposed Public Offering Of Shares Of Common Stock","Earnings Announcements; Other Pre-Announcement; Earnings Announcements; Products, Regulatory; Regulatory; Other Pre-Announcement; Regulatory; Other Pre-Announcement, Equity Financing / Related, Initial Public Offerings","May 18 (Reuters) - The Janssen Pharmaceutical Companies of Johnson & Johnson::JANSSEN PRESENTS FIRST DATA FROM PHASE 1 STUDY OF BCMAXCD3 BISPECIFIC TECLISTAMAB IN PATIENTS WITH HEAVILY PRETREATED RELAPSED OR REFRACTORY MULTIPLE MYELOMA.; May 18 (Reuters) - GlaxoSmithKline PLC ::GLAXOSMITHKLINE PLC - VIIV PREP JAB SHOWS HIGH EFFICACY OVER DAILY PILL.GSK - ANALYSIS FROM STUDY SHOWS INVESTIGATIONAL, LONG-ACTING INJECTABLE CAB LA IS 69% MORE EFFECTIVE THAN DAILY PILLS IN PREVENTING HIV ACQUISITION.GSK - STUDY ACHIEVED PRIMARY OBJECTIVE OF NON-INFERIORITY WITH DIFFERENCE APPROACHING SUPERIORITY IN FAVOUR OF CABOTEGRAVIR, PENDING FINAL ANALYSIS.; May 18 (Reuters) - Janssen Pharmaceutical Companies of Johnson & Johnson::JANSSEN ANNOUNCES PHASE 1 RESULTS FOR BISPECIFIC ANTIBODY AMIVANTAMAB IN THE TREATMENT OF PATIENTS WITH ADVANCED NON-SMALL CELL LUNG CANCER HARBORING EXON 20 INSERTION MUTATIONS.; May 18 (Reuters) - Moderna Inc ::MODERNA ANNOUNCES POSITIVE INTERIM PHASE 1 DATA FOR ITS MRNA VACCINE (MRNA-1273) AGAINST NOVEL CORONAVIRUS.MODERNA INC - MRNA-1273 WAS GENERALLY SAFE AND WELL TOLERATED.MODERNA INC - ANTICIPATED DOSE FOR PHASE 3 STUDY BETWEEN 25 _G AND 100 _G; EXPECTED TO START IN JULY.MODERNA INC - MRNA-1273 PROVIDED FULL PROTECTION AGAINST VIRAL REPLICATION IN LUNGS IN A MOUSE CHALLENGE MODEL.MODERNA INC - MRNA-1273 WAS GENERALLY SAFE AND WELL TOLERATED.MODERNA INC - ANTICIPATED DOSE FOR PHASE 3 STUDY BETWEEN 25 _G AND 100 _G; EXPECTED TO START IN JULY.MODERNA INC - MRNA-1273 ELICITED NEUTRALIZING ANTIBODY TITER LEVELS IN ALL EIGHT INITIAL PARTICIPANTS ACROSS 25 _G AND 100 _G DOSE COHORTS.MODERNA INC - TO DATE, MOST NOTABLE ADVERSE EVENTS WERE SEEN AT 250 _G DOSE LEVEL.MODERNA INC - ALL ADVERSE EVENTS HAVE BEEN TRANSIENT AND SELF-RESOLVING.MODERNA INC - NO GRADE 4 ADVERSE EVENTS OR SERIOUS ADVERSE EVENTS HAVE BEEN REPORTED..MODERNA INC - MODERNA-LED PHASE 2 STUDY WILL BE AMENDED TO STUDY TWO DOSE LEVELS, 50 _G AND 100 _G.MODERNA INC - NIAID-LED PHASE 1 STUDY IS BEING AMENDED TO INCLUDE A 50 _G DOSE LEVEL COHORT ACROSS EACH OF THREE AGE GROUPS..; May 18 (Reuters) - Cipla Ltd ::CIPLA FILES ANDA FOR GENERIC VERSION OF GSK'S ADVAIR DISKUS.; May 18 (Reuters) - GlaxoSmithKline PLC ::GLAXOSMITHKLINE PLC - VIIV PREP JAB SHOWS HIGH EFFICACY OVER DAILY PILL.GSK - ANALYSIS FROM STUDY SHOWS INVESTIGATIONAL, LONG-ACTING INJECTABLE CAB LA IS 69% MORE EFFECTIVE THAN DAILY PILLS IN PREVENTING HIV ACQUISITION.GSK - STUDY ACHIEVED PRIMARY OBJECTIVE OF NON-INFERIORITY WITH DIFFERENCE APPROACHING SUPERIORITY IN FAVOUR OF CABOTEGRAVIR, PENDING FINAL ANALYSIS.; May 18 (Reuters) - AstraZeneca PLC ::ENHERTU US BREAKTHROUGH STATUS FOR LUNG CANCER.ENHERTU GRANTED BREAKTHROUGH THERAPY DESIGNATION IN US FOR HER2-MUTANT METASTATIC NON-SMALL CELL LUNG CANCER.; May 18 (Reuters) - Moderna Inc ::MODERNA ANNOUNCES PROPOSED PUBLIC OFFERING OF SHARES OF COMMON STOCK.MODERNA ANNOUNCES PROPOSED PUBLIC OFFERING OF SHARES OF COMMON STOCK.MODERNA - EXPECTS TO GRANT UNDERWRITERS A 30-DAY OPTION TO PURCHASE UP TO ADDITIONAL $187.5 MILLION IN SHARES OF COMMON STOCK.MODERNA - EXPECTS TO USE PROCEEDS OF OFFERING TO FUND WORKING CAPITAL NEEDS RELATED TO MANUFACTURING OF MRNA-1273, VACCINE CANDIDATE AGAINST SARS-COV-2.",1,0,1,1,0,1,1,0,"Janssen Presents First Data From Phase 1 Study Of Bcmaxcd3 Bispecific Teclistamab In Patients With Heavily Pretreated Relapsed Or Refractory Multiple Myeloma; Glaxosmithkline Says Study Shows Injectable Cab La 69% More Effective Than Daily Pills In Preventing HIV Acquisition; Janssen Announces Phase 1 Results For Bispecific Antibody Amivantamab In The Treatment Of Patients With Advanced Non-Small Cell Lung Cancer Harboring Exon 20 Insertion Mutations; Moderna Announces Positive Interim Phase 1 Data For Its mRNA Vaccine Against Novel Coronavirus; Cipla Files ANDA For Generic Version Of GSK's Advair Diskus; Glaxosmithkline Says Study Shows Injectable Cab La 69% More Effective Than Daily Pills In Preventing HIV Acquisition; Astrazeneca Says Enhertu Granted U.S. Breakthrough Status For Lung Cancer; Moderna Announces Proposed Public Offering Of Shares Of Common Stock",1,"",0,"",0,"",0,"",0,"",0,"",0
11,"2020-05-19","Johnson & Johnson discontinuing talc-based Johnson’s baby powder in U.S. and Canada; Moderna Says Public Offering Of 17.6 Mln Common Shares Priced At $76 Per Share; Johnson & Johnson Consumer Health Announces Discontinuation Of Talc-Based Johnson's Baby Powder In U.S. & Canada","Products, Regulatory; Equity Financing / Related, Initial Public Offerings; Earnings Announcements","May 19 (Reuters) - Johnson & Johnson ::Says discontinuing talc-based Johnson’s baby powder in U.S. and Canada.Says demand for talc-based Johnson’s baby powder in North America has been declining.Says decline in demand for talc-based baby powder due to changes in consumer habits, ""misinformation around the safety of the product"".Says remains steadfastly confident in the safety of talc-based Johnson’s baby powder.; May 18 (Reuters) - Moderna Inc ::MODERNA ANNOUNCES PRICING OF PUBLIC OFFERING OF SHARES OF COMMON STOCK.SAYS PUBLIC OFFERING OF 17.6 MILLION COMMON SHARES PRICED AT $76.00PER SHARE.GROSS PROCEEDS FROM OFFERING WILL BE APPROXIMATELY $1.34 BILLION.ALSO GRANTED UNDERWRITERS A 30-DAY OPTION TO PURCHASE UP TO AN ADDITIONAL 2.64 MILLION SHARES OF COMMON STOCK AT THE PUBLIC OFFERING PRICE.; May 19 (Reuters) - Johnson & Johnson Consumer Health::JOHNSON & JOHNSON CONSUMER HEALTH ANNOUNCES DISCONTINUATION OF TALC-BASED JOHNSON’S BABY POWDER IN U.S. AND CANADA.JOHNSON & JOHNSON CONSUMER HEALTH - IN MARCH, JOHNSON & JOHNSON CONSUMER HEALTH STOPPED SHIPPING HUNDREDS OF ITEMS IN THE U.S. & CANADA.J&J CONSUMER HEALTH - DECIDED TO PERMANENTLY DISCONTINUE ABOUT 100 SKUS FROM THE MARCH ASSESSMENT, AS WELL AS TALC-BASED JOHNSON’S BABY POWDER.J&J CONSUMER HEALTH - JOHNSON’S BABY POWDER REPRESENTS ABOUT 0.5% OF THE TOTAL U.S. CONSUMER HEALTH BUSINESS.JOHNSON & JOHNSON CONSUMER HEALTH - DEMAND FOR TALC-BASED JOHNSON’S BABY POWDER IN NORTH AMERICA HAS BEEN DECLINING.JOHNSON & JOHNSON CONSUMER HEALTH - WILL WIND DOWN COMMERCIALIZATION OF TALC-BASED JOHNSON’S BABY POWDER IN THE U.S. AND CANADA IN COMING MONTHS.J&J CONSUMER HEALTH - CORNSTARCH-BASED JOHNSON’S BABY POWDER WILL REMAIN AVAILABLE IN NORTH AMERICA.J&J CONSUMER HEALTH - TALC-BASED AND CORNSTARCH-BASED JOHNSON’S BABY POWDER, WILL CONTINUE TO BE SOLD IN OTHER MARKETS AROUND THE WORLD.J&J CONSUMER HEALTH - WILL CONTINUE TO DEFEND TALC-BASED JOHNSON’S BABY POWDER IN THE COURTROOM.",1,0,1,0,0,0,0,0,"",0,"",0,"",0,"",0,"",0,"",0,"",0
12,"2020-05-21","AstraZeneca Receives First Supply Agreements For COVID-19 Vaccine; U.S. HHS, AstraZeneca Collaborating For At Least 300 Mln Doses Of Coronavirus Vaccine","Products, Business Deals; Products, Regulatory","May 21 (Reuters) - AstraZeneca PLC ::ASTRAZENECA PLC - ASTRAZENECA ADVANCES RESPONSE TO COVID-19 OUTBREAK.ASTRAZENECA - FIRST AGREEMENTS TO SUPPLY AT LEAST 400 MILLION DOSES.ASTRAZENECA - COMPANY HAS TOTAL CAPACITY SOURCED FOR ONE BILLION DOSES THROUGH 2020 AND INTO 2021.ASTRAZENECA - RECEIVED SUPPORT OF MORE THAN $1BN FROM US BIOMEDICAL ADVANCED RESEARCH AND DEVELOPMENT AUTHORITY.ASTRAZENECA - ENGAGING WITH INTERNATIONAL ORGANISATIONS SUCH AS COALITION FOR EPIDEMIC PREPAREDNESS INNOVATIONS (CEPI), GAVI VACCINE ALLIANCE AND WHO.ASTRAZENECA - DEVELOPMENT PROGRAMME INCLUDES A PHASE III CLINICAL TRIAL WITH 30,000 PARTICIPANTS AND A PAEDIATRIC TRIAL..ASTRAZENECA - RECEIVES FIRST COMMITMENTS FOR OXFORD'S POTENTIAL NEW VACCINE.; May 21 (Reuters) - AstraZeneca PLC ::U.S. HHS - HHS, ASTRAZENECA COLLABORATING TO MAKE AVAILABLE AT LEAST 300 MILLION DOSES OF CORONAVIRUS VACCINE AZD1222, WITH FIRST DOSES DELIVERED AS EARLY AS OCT.U.S. HHS - UNDER PUBLIC-PRIVATE PARTNERSHIP, BARDA CAN PROVIDE UP TO $1.2 BILLION TO SUPPORT, IN PARALLEL, ADVANCED CLINICAL STUDIES, AMONG OTHERS.U.S. HHS - A PHASE 1/PHASE 2 CLINICAL STUDY HAS BEEN UNDERWAY USING THE PROPOSED TECHNOLOGY IN THE UNITED KINGDOM SINCE THE END OF APRIL..",0,0,0,1,0,0,0,0,"",0,"",0,"",0,"",0,"",0,"",0,"",0
13,"2020-05-22","Anthony Fauci Says Initial Study Of Moderna Vaccine Encouraging - CNBC; GSK Partners With Samsung Biologics To Secure Additional Manufacturing Capacity For Innovative Biopharmaceutical Portfolio; AstraZeneca Says Enhertu Receives U.S. Orphan Designation In Gastric Cancer; Oxford, Astra Covid Vaccine Candidate To Move To Phase II/III Human Trials","Community; Products, Strategic Combinations, Expansion; Regulatory; Regulatory","May 22 (Reuters) - :U.S. INFECTIOUS DISEASE EXPERT ANTHONY FAUCI SAYS INITIAL STUDY OF MODERNA VACCINE ENCOURAGING- CNBC INTERVIEW.U.S. INFECTIOUS DISEASE EXPERT ANTHONY FAUCI SAYS ""WE CAN BUILD ON REMDESIVIR SUCCESS"" - CNBC INTERVIEW.; May 21 (Reuters) - GlaxoSmithKline PLC ::GSK PARTNERS WITH SAMSUNG BIOLOGICS TO SECURE ADDITIONAL MANUFACTURING CAPACITY FOR INNOVATIVE BIOPHARMACEUTICAL PORTFOLIO.SAMSUNG BIOLOGICS WILL PROVIDE GSK WITH ADDITIONAL CAPACITY FOR LARGE-SCALE BIOPHARMACEUTICAL PRODUCT MANUFACTURING.AGREEMENT IS WORTH MORE THAN $231 MILLION US OVER NEXT EIGHT YEARS.AGREEMENT TO INITIALLY COVER COMMERCIAL PRODUCTION OF BENLYSTA (BELIMUMAB), TECH TRANSFER STARTS IN 2020, FIRST COMMERCIAL SUPPLY EXPECTED IN 2022.; May 22 (Reuters) - AstraZeneca PLC ::ASTRAZENECA PLC - ENHERTU US ORPHAN DESIGNATION IN GASTRIC CANCER.ASTRAZENECA-OVERALL SAFETY AND TOLERABILITY PROFILE OF ENHERTU IN DESTINY-GASTRIC01 WAS CONSISTENT WITH THAT SEEN IN PHASE I GASTRIC CANCER TRIAL.ASTRAZENECA - CO, DAIICHI SANKYO CO'S ENHERTU GRANTED ORPHAN DRUG DESIGNATION IN U.S. FOR TREATMENT OF PATIENTS WITH GASTRIC CANCER.; May 22 (Reuters) - University of Oxford::OXFORD UNIVERSITY, ASTRAZENECA START PHASE II/III HUMAN TRIALS FOR EXPERIMENTAL COVID-19 VACCINE.NEXT STUDY ON COVID-19 VACCINE TO ENROL UP TO 10,260 ADULTS & CHILDREN; TO INVOLVE NUMBER OF PARTNER INSTITUTIONS ACROSS COUNTRY.PHASE III PART OF COVID-19 VACCINE STUDY INVOLVES ASSESSING HOW VACCINE WORKS IN LARGE NUMBER OF PEOPLE OVER THE AGE OF 18.",0,0,1,1,0,0,1,0,"Anthony Fauci Says Initial Study Of Moderna Vaccine Encouraging - CNBC; GSK Partners With Samsung Biologics To Secure Additional Manufacturing Capacity For Innovative Biopharmaceutical Portfolio; AstraZeneca Says Enhertu Receives U.S. Orphan Designation In Gastric Cancer; Oxford, Astra Covid Vaccine Candidate To Move To Phase II/III Human Trials",1,"",0,"",0,"",0,"",0,"",0,"",0
14,"2020-05-26","Astrazeneca Collaborates With Archerdx In Late-Stage Lung Cancer Trial; BRIEF-FDA Approves Regeneron's Dupixent For Children Aged 6-11 Yrs With Moderate-To-Severe Atopic Dermatitis; ContraFect Corporation Announces Private Placement Of Common Stock And Warrants To Pfizer; Sanofi: FDA Grants Approval For Dupixent (dupilumab)","Products, Regulatory; Products; Debt Financing / Related, Equity Financing / Related; Products","May 26 (Reuters) - AstraZeneca PLC ::ASTRAZENECA COLLABORATES WITH ARCHERDX TO USE PERSONALISED CANCER ASSAYS TO DETECT MINIMAL RESIDUAL DISEASE IN LUNG CANCER TRIALS.ASTRAZENECA - ARCHERDX'S PERSONALISED ASSAY WILL BE USED IN ASTRAZENECA'S RECENTLY LAUNCHED PHASE III MERMAID-1 TRIAL.ASTRAZENECA - ARCHERDX WILL PERFORM WHOLE EXOME SEQUENCING OF NSCLC PATIENT SAMPLES AND GENERATE HIGHLY SENSITIVE, PERSONALISED CTDNA ASSAYS.; Refiles to add company name in headline:FDA APPROVES DUPIXENT® (DUPILUMAB) AS FIRST BIOLOGIC MEDICINE FOR CHILDREN AGED 6 TO 11 YEARS WITH MODERATE-TO-SEVERE ATOPIC DERMATITIS.REGENERON - FDA APPROVAL BASED ON DATA THAT INCLUDES PIVOTAL PHASE 3 RESULTS ON EFFICACY & SAFETY OF DUPIXENT COMBINED WITH TOPICAL CORTICOSTEROIDS.; May 26 (Reuters) - ContraFect Corp ::CONTRAFECT CORPORATION ANNOUNCES PRIVATE PLACEMENT OF COMMON STOCK AND WARRANTS TO PFIZER INC..CONTRAFECT - PFIZER AGREED TO PURCHASE 674,156 SHARES OF CO'S STOCK & WARRANT TO PURCHASE 505,617 SHARES OF CO'S STOCK, FOR ABOUT $3.0 MILLION.CONTRAFECT - TO USE NET PROCEEDS TO CONTINUE FUNDING PHASE 3 DISRUPT TRIAL OF EXEBACASE IN STAPH AUREUS BACTEREMIA, WITH RIGHT-SIDED ENDOCARDITIS.; May 26 (Reuters) - SANOFI SA ::SANOFI: FDA APPROVES DUPIXENT® (DUPILUMAB) AS FIRST BIOLOGIC MEDICINE FOR CHILDREN AGED 6 TO 11 YEARS WITH MODERATE-TO-SEVERE ATOPIC DERMATITIS.SAFETY CONSISTENT WITH ESTABLISHED SAFETY PROFILE OF DUPIXENT ACROSS ADULT AND ADOLESCENT ATOPIC DERMATITIS PATIENTS.MORE THAN TWICE AS MANY CHILDREN ACHIEVED CLEAR OR ALMOST CLEAR SKIN AND MORE THAN FOUR TIMES ACHIEVED ITCH REDUCTION WITH DUPIXENT PLUS TOPICAL CORTICOSTEROIDS (TCS) COMPARED TO TCS ALONE.",0,1,0,1,0,1,0,0,"Astrazeneca Collaborates With Archerdx In Late-Stage Lung Cancer Trial; BRIEF-FDA Approves Regeneron's Dupixent For Children Aged 6-11 Yrs With Moderate-To-Severe Atopic Dermatitis; ContraFect Corporation Announces Private Placement Of Common Stock And Warrants To Pfizer; Sanofi: FDA Grants Approval For Dupixent (dupilumab)",1,"Astrazeneca Collaborates With Archerdx In Late-Stage Lung Cancer Trial; BRIEF-FDA Approves Regeneron's Dupixent For Children Aged 6-11 Yrs With Moderate-To-Severe Atopic Dermatitis; ContraFect Corporation Announces Private Placement Of Common Stock And Warrants To Pfizer; Sanofi: FDA Grants Approval For Dupixent (dupilumab)",1,"",0,"",0,"",0,"",0,"",0
15,"2020-05-27","Novavax Expands Large-Scale Global Manufacturing Capacity; GSK Says FDA Grants Priority Review Of Nucala For Patients With HES; GSK Presents Data On Belantamab Mafodotin At ASCO For Multiple Myeloma","Debt Financing / Related, Products, Expansion; Products, Other Pre-Announcement; Other Pre-Announcement","Novavax Inc ::NOVAVAX EXPANDS LARGE-SCALE GLOBAL MANUFACTURING CAPACITY.NOVAVAX INC - ANNUAL OPERATING CAPACITY OF OVER 1 BILLION DOSES OF COVID-19 VACCINE ANTIGEN.NOVAVAX INC - NOVAVAX ACQUIRES PRAHA VACCINES IN CZECH REPUBLIC.NOVAVAX INC - ACQUISITION OF PRAHA VACCINES A.S., PART OF CYRUS POONAWALLA GROUP, IN AN ALL CASH TRANSACTION OF ABOUT $167 MILLION.NOVAVAX INC - ACQUISITION INCLUDES A BIOLOGICS MANUFACTURING FACILITY AND ASSOCIATED ASSETS IN BOHUMIL, CZECH REPUBLIC.NOVAVAX INC - BOHUMIL FACILITY IS EXPECTED TO PROVIDE AN ANNUAL CAPACITY OF OVER 1 BILLION DOSES OF ANTIGEN.NOVAVAX INC - CONTINUE EFFORTS TO EXPAND ANTIGEN CAPACITY IN U.S. AND ASIA.NOVAVAX INC - TO INCREASE PRODUCTION OF MATRIX-M TO MATCH ANTIGEN CAPACITY AT MULTIPLE SITES.NOVAVAX INC - WILL WORK WITH SERUM INSTITUTE OF INDIA TO INCREASE PRODUCTION LEVELS AT BOHUMIL FACILITY BY END OF 2020.; May 27 (Reuters) - GlaxoSmithKline PLC ::GSK - FDA GRANTS PRIORITY REVIEW OF NUCALA FOR PATIENTS WITH HYPEREOSINOPHILIC SYNDROME (HES).GSK - FDA HAS ALSO GRANTED BOTH FAST TRACK AND ORPHAN DRUG DESIGNATIONS FOR USE OF NUCALA IN HES.GSK - AN APPROVAL WOULD GIVE NUCALA A THIRD INDICATION IN AN EOSINOPHIL-DRIVEN DISEASE.; May 27 (Reuters) - GlaxoSmithKline PLC ::GSK - DREAMM-2 AND DREAMM-6 DATA AT ASCO REINFORCE POTENTIAL OF BELANTAMAB MAFODOTIN IN PATIENTS WITH RELAPSED/REFRACTORY MULTIPLE MYELOMA.GSK - 13-MONTH UPDATE ON DREAMM-2 STUDY SHOWS MEDIAN OVERALL SURVIVAL OF 14.9 MONTHS WITH SINGLE-AGENT BELANTAMAB MAFODOTIN 2.5 MG/KG DOSE.GSK - 13-MONTH UPDATE ON DREAMM-2 STUDY SHOWS MEDIAN DURATION OF RESPONSE OF 11 MONTHS WITH SINGLE-AGENT BELANTAMAB MAFODOTIN 2.5 MG/KG DOSE.GSK - INITIAL RESULTS FROM DREAMM-6 STUDY SHOW BELANTAMAB MAFODOTIN WITH BORTEZOMIB AND DEXAMETHASONE RESULTS IN A 78% OVERALL RESPONSE RATE.GSK - SAFETY AND TOLERABILITY OF BELANTAMAB MAFODOTIN CONSISTENT WITH PREVIOUSLY REPORTED DATA.",0,0,0,0,1,0,1,0,"",0,"",0,"",0,"",0,"",0,"",0,"",0
16,"2020-06-23","Sanofi, Translate Bio To Expand Vaccine Collaboration","Products, Strategic Combinations, Mergers / Acquisitions","June 23 (Reuters) - Sanofi ::SANOFI AND TRANSLATE BIO EXPAND COLLABORATION TO DEVELOP MRNA VACCINES ACROSS ALL INFECTIOUS DISEASE AREAS.SANOFI AND TRANSLATE BIO EXPAND COLLABORATION TO DEVELOP MRNA VACCINES ACROSS ALL INFECTIOUS DISEASE AREAS.TRANSLATE BIO TO RECEIVE $425 MILLION IN UPFRONT PAYMENT AND COMMON STOCK EQUITY INVESTMENT AND OVERALL IS ELIGIBLE TO RECEIVE UP TO $1.9 BILLION OF POTENTIAL MILESTONES/PAYMENTS.TO RECEIVE EXCLUSIVE WORLDWIDE RIGHTS TO DEVELOP, MANUFACTURE AND COMMERCIALIZE INFECTIOUS DISEASE VACCINES USING TRANSLATE BIO TECHNOLOGY.EXPANDED COLLABORATION BRINGS TOGETHER TRANSLATE BIO'S LEADING MRNA TECHNOLOGY AND MANUFACTURING WITH SANOFI'S WORLD CLASS VACCINE DEVELOPMENT AND DISTRIBUTION.TRANSLATE BIO WILL RECEIVE A TOTAL UPFRONT PAYMENT OF $425 MILLION, CONSISTING OF A $300 MILLION CASH PAYMENT AND A PRIVATE PLACEMENT COMMON STOCK INVESTMENT OF $125 MILLION AT $25.59 PER SHARE.TEAMS ARE CURRENTLY EVALUATING MULTIPLE COVID-19 VACCINE CANDIDATES IN VIVO FOR IMMUNOGENICITY.COMPANIES HAVE GOAL OF INITIATING A FIRST-IN-HUMAN CLINICAL TRIAL IN THIS FIELD IN Q4 OF 2020..EVERCORE ACTED AS FINANCIAL ADVISOR TO TRANSLATE BIO FOR EXPANSION OF COLLABORATION AGREEMENT..",0,1,0,0,0,0,0,0,"",0,"",0,"",0,"Sanofi, Translate Bio To Expand Vaccine Collaboration",1,"",0,"",0,"",0
17,"2020-06-26","Janssen Announces Discontinuation Of Phase 3 Lotus Study Evaluating Ustekinumab In Systemic Lupus Erythematosus; EXCLUSIVE-Sanofi confirms plans to cut up to 1,680 jobs in Europe over three years","Regulatory, Earnings Announcements; Layoffs","June 26 (Reuters) - Johnson & Johnson ::JANSSEN ANNOUNCES DISCONTINUATION OF PHASE 3 LOTUS STUDY EVALUATING USTEKINUMAB IN SYSTEMIC LUPUS ERYTHEMATOSUS.JANSSEN PHARMACEUTICAL - TO DISCONTINUE PHASE 3 LOTUS STUDY OF STELARA IN SYSTEMIC LUPUS ERYTHEMATOSUS DUE TO LACK OF EFFICACY IN SLE.JANSSEN PHARMACEUTICAL - DECISION TO DISCONTINUE LOTUS STUDY DOES NOT IMPACT ANY OTHER ONGOING STUDIES WITH USTEKINUMAB OR CURRENT INDICATIONS.JANSSEN PHARMACEUTICAL - INTERIM SAFETY FINDINGS WERE CONSISTENT WITH KNOWN SAFETY PROFILE OF STELARA, AND NO NEW SAFETY SIGNALS WERE IDENTIFIED.; June 26 (Reuters) - Sanofi SA ::EXCLUSIVE-SANOFI CONFIRMS PLANS TO CUT UP TO 1680 JOBS IN EUROPE OVER THREE YEARS.",1,1,0,0,0,0,0,0,"",0,"",0,"",0,"",0,"",0,"",0,"Janssen Announces Discontinuation Of Phase 3 Lotus Study Evaluating Ustekinumab In Systemic Lupus Erythematosus; EXCLUSIVE-Sanofi confirms plans to cut up to 1,680 jobs in Europe over three years",1
18,"2020-07-07","GSK And Medicago To Collaborate On Developing Novel Adjuvanted Covid-19 Candidate Vaccine; GSK Says Long-Acting Injectable Cabotegravir 65% More Effective Than Truvada; Novavax Announces $1.6 Billion Funding From Operation Warp Speed; GSK Says Long-Acting Injectable Cabotegravir 66% More Effective Than Truvada","Products, Other Pre-Announcement; Regulatory; Products; Regulatory","July 7 (Reuters) - GlaxoSmithKline PLC ::GSK AND MEDICAGO ANNOUNCE COLLABORATION TO DEVELOP A NOVEL ADJUVANTED COVID-19 CANDIDATE VACCINE.COLLABORATION COMBINES INNOVATIVE PLANT-BASED AND ADJUVANT TECHNOLOGIES TO DEVELOP AND PRODUCE A COVID-19 CANDIDATE VACCINE.PHASE 1 CLINICAL TESTING SCHEDULED TO BEGIN MID-JULY.GSK - COLLABORATION TO EXPLORE VACCINE DEVELOPMENT OPPORTUNITIES FOR OTHER INFECTIOUS DISEASES.COMPANIES AIM TO COMPLETE DEVELOPMENT AND MAKE VACCINE AVAILABLE, IN FIRST HALF OF 2021.GSK AND MEDICAGO HAVE ENTERED INTO A BINDING AGREEMENT TO DEVELOP AND MANUFACTURE AN ADJUVANTED COVID-19 VACCINE.PRECLINICAL RESULTS WITH MEDICAGO'S COVLP VACCINE CANDIDATE SHOWED HIGH NEUTRALIZING ANTIBODIES AFTER SINGLE DOSE WHEN ADMINISTERED WITH ADJUVANT.COMPANIES EXPECT TO BE ABLE TO MANUFACTURE APPROXIMATELY 100M DOSES BY END OF 2021.BY END OF 2023, A LARGE-SCALE FACILITY UNDER CONSTRUCTION IN QUEBEC CITY, CANADA, IS EXPECTED TO DELIVER UP TO 1 BILLION DOSES ANNUALLY.; July 7 (Reuters) - :VIIV HEALTHCARE - EFFICACY OF CABOTEGRAVIR COMPARED TO DAILY ORAL EMTRICITABINE/TENOFOVIR DISOPROXIL FUMARATE 200 MG AND 300 MG (FTC/TDF) TABLETS.VIIV HEALTHCARE - LONG-ACTING CABOTEGRAVIR, FTC/TDF TABLETS BOTH WELL TOLERATED THROUGHOUT STUDY.GSK'S VIIV - DATA SHOWS LONG-ACTING INJECTABLE CABOTEGRAVIR GIVEN EVERY TWO MONTHS 65% MORE EFFECTIVE VERSUS DAILY PILLS IN STOPPING HIV ACQUISITION.VIIV - MOST PARTICIPANTS IN CABOTEGRAVIR GROUP (80%) REPORTED PAIN OR TENDERNESS AT INJECTION SITE VERSUS 31% OF THOSE IN FTC/TDF ARM, WHO GOT PLACEBO.VIIV HEALTHCARE - PLANS TO USE DATA FROM HPTN 083 FOR FUTURE REGULATORY SUBMISSIONS.VIIV HEALTHCARE - MOST ADVERSE EVENTS OF STUDY MILD OR MODERATE IN NATURE AND BALANCED BETWEEN BOTH TREATMENT ARMS.VIIV - STUDY CONDUCTED IN MEN WHO HAVE SEX WITH MEN, TRANSGENDER WOMEN WHO HAVE SEX WITH MEN; FURTHER STUDY BEING CONDUCTED IN SEXUALLY ACTIVE WOMEN.; July 7 (Reuters) - Novavax Inc ::NOVAVAX ANNOUNCES $1.6 BILLION FUNDING FROM OPERATION WARP SPEED.NOVAVAX INC - OWS AWARD FUNDS LARGE-SCALE MANUFACTURING OF NVX-COV2373, INCLUDING PRODUCTION OF 100 MILLION DOSES STARTING IN LATE 2020.NOVAVAX INC - FUNDING SUPPORTS LATE-STAGE CLINICAL DEVELOPMENT, INCLUDING PIVOTAL PHASE 3 CLINICAL TRIAL TO SUPPORT LICENSURE.NOVAVAX INC - AWARDED $1.6 BILLION BY FEDERAL GOVERNMENT TO DELIVER 100 MILLION DOSES OF NVX‑COV2373 AS EARLY AS LATE 2020.NOVAVAX INC - UNDER TERMS OF AGREEMENT, CO WILL DEMONSTRATE IT CAN RAPIDLY STAND UP LARGE-SCALE MANUFACTURING AND TRANSITION INTO ONGOING PRODUCTION.NOVAVAX INC - UNDER DEAL, CO WILL DEMONSTRATE CAPABILITY TO STOCKPILE AND DISTRIBUTE LARGE QUANTITIES OF NVX-COV2373 WHEN NEEDED.NOVAVAX INC - PIVOTAL PHASE 3 CLINICAL TRIAL OF NVX-COV2373 WITH UP TO 30,000 SUBJECTS IS BEGINNING IN FALL OF 2020.NOVAVAX - DEAL ALLOWS FOR FOLLOW-ON AGREEMENT WITH U.S. GOVERNMENT FOR ADDITIONAL PRODUCTION, PROCUREMENT TO SUPPORT OWS' VACCINE PRODUCTION GOAL.NOVAVAX INC - PRELIMINARY IMMUNOGENICITY AND SAFETY RESULTS FROM PHASE 1/2 CLINICAL TRIAL OF NVX-COV2373 ARE EXPECTED AT END OF JULY.; July 7 (Reuters) - ViiV Healthcare::GSK'S VIIV - DATA SHOWS LONG-ACTING INJECTABLE CABOTEGRAVIR GIVEN EVERY TWO MONTHS 66% MORE EFFECTIVE VERSUS DAILY PILLS IN STOPPING HIV ACQUISITION.VIIV HEALTHCARE - EFFICACY OF CABOTEGRAVIR COMPARED TO DAILY ORAL EMTRICITABINE/TENOFOVIR DISOPROXIL FUMARATE 200 MG AND 300 MG (FTC/TDF) TABLETS.VIIV HEALTHCARE - LONG-ACTING CABOTEGRAVIR, FTC/TDF TABLETS BOTH WELL TOLERATED THROUGHOUT STUDY.VIIV - MOST PARTICIPANTS IN CABOTEGRAVIR GROUP (80%) REPORTED PAIN OR TENDERNESS AT INJECTION SITE VERSUS 31% OF THOSE IN FTC/TDF ARM, WHO GOT PLACEBO.VIIV HEALTHCARE - PLANS TO USE DATA FROM HPTN 083 FOR FUTURE REGULATORY SUBMISSIONS.VIIV HEALTHCARE - MOST ADVERSE EVENTS OF STUDY MILD OR MODERATE IN NATURE AND BALANCED BETWEEN BOTH TREATMENT ARMS.VIIV - STUDY CONDUCTED IN MEN WHO HAVE SEX WITH MEN, TRANSGENDER WOMEN WHO HAVE SEX WITH MEN; FURTHER STUDY BEING CONDUCTED IN SEXUALLY ACTIVE WOMEN.",0,0,0,0,1,0,1,0,"",0,"",0,"",0,"",0,"",0,"",0,"",0
19,"2020-07-15","GSK Says FDA Panel Votes In Favor Of Co's Blood Cancer Drug","Other Pre-Announcement","July 15 (Reuters) - GlaxoSmithKline Plc ::FDA PANEL VOTES IN FAVOR OF BELANTAMAB MAFODOTIN.RECOMMENDATION BASED ON REVIEW OF DREAMM CLINICAL TRIAL PROGRAMME, INCLUDING PIVOTAL DREAMM-2 STUDY.IF APPROVED, BELANTAMAB MAFODOTIN WILL BE A FIRST-IN-CLASS ANTI-BCMA THERAPY FOR TREATMENT OF RELAPSED/REFRACTORY MULTIPLE MYELOMA.",0,0,0,0,0,0,1,0,"GSK Says FDA Panel Votes In Favor Of Co's Blood Cancer Drug",1,"",0,"",0,"",0,"",0,"",0,"",0
20,"2020-07-20","Serum Institute Of India CEO Says Will Be Applying For Licensure Trials To Indian Regulator In A Week For Astrazeneca's Coronavirus Vaccine; AstraZeneca Says Covid-19 Vaccine Phase I/II Showed Immune Response; J&J Sets Quarterly Cash Dividend Of $1.01 Per Share; GSK To Invest 130 Mln Stg In CureVac Under New Collaboration","Regulatory; Regulatory, Other Pre-Announcement; Dividends, Regulatory; Products, Equity Investments, Other Pre-Announcement","July 20 (Reuters) - Serum Institute Of India CEO::CEO OF SERUM INSTITUTE OF INDIA SAYS WILL BE APPLYING FOR LICENSURE TRIALS TO INDIAN REGULATOR IN A WEEK FOR ASTRAZENECA'S CORONAVIRUS VACCINE.; July 20 (Reuters) - AstraZeneca PLC ::COVID-19 VACCINE PHASE I/II SHOWED IMMUNE RESPONSE.INTERIM DATA SHOWED STRONG ANTIBODY AND T-CELL RESPONSES.INTERIM RESULTS FROM ONGOING PHASE I/II COV001 TRIAL, LED BY OXFORD UNIVERSITY, SHOWED AZD1222 WAS TOLERATED.COV001 IS A BLINDED, MULTI-CENTRE, RANDOMISED CONTROLLED PHASE I/II TRIAL WITH 1,077 HEALTHY ADULT PARTICIPANTS, AGED 18-55 YEARS.EARLY SAFETY RESPONSES CONFIRMED THAT TRANSIENT LOCAL AND SYSTEMIC REACTIONS WERE COMMON IN AZD1222 GROUP.AZD1222 WAS TOLERATED AND GENERATED ROBUST IMMUNE RESPONSES AGAINST SARS-COV-2 VIRUS IN ALL EVALUATED PARTICIPANTS..LATE-STAGE PHASE II/III TRIALS ARE CURRENTLY UNDERWAY IN UK, BRAZIL AND SOUTH AFRICA AND ARE DUE TO START IN US.EARLY SAFETY RESPONSES CONFIRMED THAT TRANSIENT LOCAL AND SYSTEMIC REACTIONS WERE COMMON IN AZD1222 GROUP.NO SERIOUS ADVERSE EVENTS WERE REPORTED WITH AZD1222.TODAY'S ANNOUNCEMENT IS NOT ANTICIPATED TO IMPACT COMPANY'S FINANCIAL GUIDANCE FOR 2020.NO SERIOUS ADVERSE EVENTS WERE REPORTED WITH AZD1222.TEN PARTICIPANTS ALSO RECEIVED TWO DOSES OF AZD1222 ONE MONTH APART IN STUDY.LATE-STAGE PHASE II/III TRIALS ARE CURRENTLY UNDERWAY IN UK, BRAZIL AND SOUTH AFRICA AND ARE DUE TO START IN US.; July 20 (Reuters) - Johnson & Johnson ::J&J <<>> SETS QUARTERLY CASH DIVIDEND OF $1.01PER SHARE.; July 20 (Reuters) - GlaxoSmithKline Plc ::GSK AND CUREVAC ENTER COLLABORATION.GSK TO MAKE EQUITY INVESTMENT OF £130M (EUR 150M) IN CUREVAC, AND AN UPFRONT PAYMENT OF £104M (EUR 120M).COMPANIES TO COLLABORATE ON MRNA VACCINE AND MONOCLONAL ANTIBODY RESEARCH PROGRAMMES IN INFECTIOUS DISEASES.CUREVAC WILL BE ELIGIBLE TO RECEIVE DEVELOPMENT AND REGULATORY MILESTONE PAYMENTS OF UP TO £277M (EUR 320M).COMPANIES TO COLLABORATE ON MRNA VACCINE AND MONOCLONAL ANTIBODY RESEARCH PROGRAMMES IN INFECTIOUS DISEASES.CUREVAC WILL BE ELIGIBLE TO RECEIVE DEVELOPMENT AND REGULATORY MILESTONE PAYMENTS OF UP TO £277M (EUR 320M).GSK WILL FUND RESEARCH AND DEVELOPMENT ACTIVITIES AT CUREVAC RELATED TO DEVELOPMENT PROJECTS COVERED BY COLLABORATION.WILL MAKE AN EQUITY INVESTMENT IN CUREVAC OF £130M (EUR 150M), REPRESENTING CLOSE TO A 10% STAKE.",1,0,0,1,0,0,1,0,"",0,"",0,"",0,"",0,"",0,"",0,"",0
21,"2020-07-23","Medidata Supports Moderna In COVID-19 Vaccine Clinical Trials","Strategic Combinations","July 23 (Reuters) - Dassault Systemes SE ::MEDIDATA SUPPORTS MODERNA'S COVID-19 VACCINE CLINICAL TRIALS WITH RAVE CLINICAL CLOUD PLATFORM.MEDIDATA IS COLLABORATING WITH MODERNA, INC. TO SUPPORT CLINICAL TRIALS OF MRNA-1273, MODERNA'S COVID-19 VACCINE CANDIDATE.",0,0,1,0,0,0,0,0,"",0,"",0,"",0,"",0,"",0,"",0,"",0
22,"2020-08-24","Ligand Announces Amgen’S Kyprolis Approved By FDA To Treat Multiple Myeloma; Novavax Initiates Phase 2 Portion Of Phase 1/2 Clinical Trial Of Covid-19 Vaccine; Catalent Signs Agreement With Astrazeneca To Expand Manufacturing Support For Covid-19 Vaccine AZD1222","Products; Products, Regulatory; Products, Expansion","Aug 24 (Reuters) - Ligand Pharmaceuticals Inc ::LIGAND ANNOUNCES AMGEN’S KYPROLIS® APPROVED BY FDA AS COMBINATION REGIMEN WITH DARZALEX® AND DEXAMETHASONE IN ONCE- AND TWICE-WEEKLY DOSING REGIMENS FOR PATIENTS WITH RELAPSED/REFRACTORY MULTIPLE MYELOMA.LIGAND PHARMACEUTICALS - AMGEN HAS SUBMITTED ADDITIONAL MARKETING APPLICATIONS GLOBALLY FOR KYPROLIS.; Aug 24 (Reuters) - Novavax Inc ::NOVAVAX INITIATES PHASE 2 PORTION OF PHASE 1/2 CLINICAL TRIAL OF COVID-19 VACCINE.NOVAVAX INC - INTERIM IMMUNOGENICITY AND SAFETY DATA EXPECTED IN Q4 OF 2020.NOVAVAX INC - TRIAL TO ENROLL UP TO 1,500 VOLUNTEERS IN UNITED STATES AND AUSTRALIA, WITH APPROXIMATELY 50 PERCENT BETWEEN 60 AND 84 YEARS OF AGE.NOVAVAX INC - TRIAL IS SUPPORTED BY FUNDING FROM COALITION FOR EPIDEMIC PREPAREDNESS INNOVATIONS.; Aug 24 (Reuters) - Catalent Inc ::CATALENT SIGNS AGREEMENT WITH ASTRAZENECA TO EXPAND MANUFACTURING SUPPORT FOR COVID-19 VACCINE AZD1222.CATALENT INC - CATALENT WILL PREPARE HARMANS FACILITY, CLOSE TO BALTIMORE-WASHINGTON INTERNATIONAL (BWI) AIRPORT, TO ENABLE MULTIPLE PRODUCTION TRAINS.CATALENT INC - AGREEMENT EXPANDS CATALENT'S SUPPORT OF AZD1222 PROGRAM.",1,0,0,1,1,0,0,0,"",0,"",0,"",0,"",0,"",0,"",0,"",0
23,"2020-08-27","Cellink: Cytena And AstraZeneca To Collaborate","Strategic Combinations","Aug 27 (Reuters) - Cellink AB ::CYTENA AND ASTRAZENECA COLLABORATE TO DEVELOP PLATE BASED MICROBIOREACTORS FOR CELL LINE DEVELOPMENT WORKFLOWS.COLLABORATION WITH ASTRAZENECA WILL ALSO EXPLORE MACHINE LEARNING ALGORITHMS FOR ENHANCED SINGLE-CELL CLONING..",0,0,0,1,0,0,0,0,"",0,"",0,"",0,"",0,"",0,"",0,"",0
24,"2020-09-01","Oxford Biomedica Expands COVID-19 Vaccine Supply Agreement With AstraZeneca; Astrazeneca Says Imfinzi Approved In EU For Small Cell Lung Cancer; Bridgewest Australia Holdings Acquires Pfizer Manufacturing Facility In Adelaide, Australia","Products, Expansion, Other Pre-Announcement; Regulatory; Mergers / Acquisitions","Sept 1 (Reuters) - Oxford Biomedica :OXFORD BIOMEDICA PLC - SIGNS SUPPLY AGREEMENT WITH ASTRAZENECA TO EXPAND MANUFACTURING SUPPORT OF COVID-19 VACCINE CANDIDATE, AZD1222.OXFORD BIOMEDICA PLC - ASTRAZENECA WILL PAY OXFORD BIOMEDICA £15MILLION UPFRONT AS A CAPACITY RESERVATION FEE.OXFORD BIOMEDICA - EXPECTS TO RECEIVE ADDITIONAL REVENUE IN EXCESS OF £35MILLION PLUS CERTAIN COSTS FOR MANUFACTURE OF AZD1222 UNTIL END OF 2021.OXFORD BIOMEDICA - TWO NEW MANUFACTURING SUITES WITHIN OXBOX TO BECOME OPERATIONAL IN NEXT 2 MONTHS, SIGNIFICANTLY EARLIER THAN ORIGINALLY PLANNED.; Sept 1 (Reuters) - AstraZeneca PLC ::ASTRAZENECA PLC - IMFINZI APPROVED IN EU FOR SMALL CELL LUNG CANCER.ASTRAZENECA- IMFINZI HAS BEEN APPROVED IN EUROPEAN UNION FOR 1ST-LINE TREATMENT OF ADULTS WITH EXTENSIVE-STAGE SMALL CELL LUNG CANCER.ASTRAZENECA- APPROVAL BY EUROPEAN COMMISSION WAS BASED ON POSITIVE RESULTS FROM PHASE III CASPIAN TRIAL.; Sept 1 (Reuters) - THE BRIDGEWEST GROUP: :BRIDGEWEST AUSTRALIA HOLDINGS LLC ACQUIRES PFIZER MANUFACTURING FACILITY IN ADELAIDE, AUSTRALIA.THE BRIDGEWEST GROUP - FINANCIAL TERMS WERE NOT DISCLOSED.",0,0,0,1,0,1,0,0,"Oxford Biomedica Expands COVID-19 Vaccine Supply Agreement With AstraZeneca; Astrazeneca Says Imfinzi Approved In EU For Small Cell Lung Cancer; Bridgewest Australia Holdings Acquires Pfizer Manufacturing Facility In Adelaide, Australia",1,"",0,"",0,"Oxford Biomedica Expands COVID-19 Vaccine Supply Agreement With AstraZeneca; Astrazeneca Says Imfinzi Approved In EU For Small Cell Lung Cancer; Bridgewest Australia Holdings Acquires Pfizer Manufacturing Facility In Adelaide, Australia",1,"",0,"",0,"",0
25,"2020-09-18","Moderna Currently Anticipates mRNA-1273 Production Will Be About 20 Mln Doses By 2020-End; EMD Sereno Says Bavencio Pivotal Phase III Javelin Bladder 100 Results Published In The New England Journal Of Medicine; GlaxoSmithKline Gets CHMP Positive Opinion Recommending Nod Of Zejula's First-Line Monotherapy Maintenance Treatment; Merck & Co Inc Says Lynparza Improved Median Progression-Free Survival To Over 4.5 Years Vs 13.8 Months With Placebo","Production Guidance; Regulatory; Regulatory; Earnings Announcements","Sept 18 (Reuters) - Moderna Inc ::MODERNA INC - CURRENTLY ANTICIPATES THAT ITS PRODUCTION OF MRNA-1273 WILL BE APPROXIMATELY 20 MILLION DOSES BY END OF 2020.MODERNA INC - CURRENTLY ANTICIPATES THAT TOTAL PRODUCTION OF MRNA-1273 WILL BE IN RANGE OF BETWEEN 500 MILLION AND 1 BILLION DOSES DURING 2021.; Sept 18 (Reuters) - EMD Sereno: :BAVENCIO PIVOTAL PHASE III JAVELIN BLADDER 100 RESULTS PUBLISHED IN THE NEW ENGLAND JOURNAL OF MEDICINE.EMD SERONO- IN STUDY, OS WAS SIGNIFICANTLY LONGER WITH BAVENCIO PLUS BSC COMPARED TO BSC ALONE IN PRIMARY POPULATION OF ALL RANDOMIZED PATIENTS.EMD SERONO- INVESTIGATORS ATTRIBUTED TWO PATIENT DEATHS IN BAVENCIO PLUS BSC ARM, DUE TO SEPSIS AND ISCHEMIC STROKE, TO STUDY TREATMENT TOXICITY.EMD SERONO-NO NEW SAFETY SIGNALS WERE IDENTIFIED IN JAVELIN BLADDER 100 STUDY &SAFETY PROFILE CONSISTENT WITH PREVIOUS STUDIES OF BAVENCIO MONOTHERAPY.EMD SERONO- FATAL ADVERSE REACTIONS OCCURRED IN 1.8% OF PATIENTS WITH ADVANCED RENAL CELL CARCINOMA RECEIVING BAVENCIO IN COMBINATION WITH AXITINIB.EMD SERONO- IN OTHER PRIMARY POPULATION OF PATIENTS WITH PD-L1+ TUMORS (N=358):OS WAS ALSO SIGNIFICANTLY LONGER WITH BAVENCIO PLUS BSC VERSUS BSC ALONE.EMD SERONO- BAVENCIO CAN CAUSE FETAL HARM WHEN ADMINISTERED TO A PREGNANT WOMAN.EMD SERONO- CLINICAL BENEFITS OF BAVENCIO WERE SEEN ACROSS A RANGE OF PATIENT POPULATIONS.; Sept 18 (Reuters) - GlaxoSmithKline PLC ::GSK - GETS CHMP POSITIVE OPINION RECOMMENDING APPROVAL OF ZEJULA S FIRST-LINE MONOTHERAPY MAINTENANCE TREATMENT.GSK - TREATMENT FOR WOMEN WITH PLATINUM-RESPONSIVE ADVANCED OVARIAN CANCER.; Sept 18 (Reuters) - Merck & Co Inc ::LYNPARZA® (OLAPARIB) IMPROVED MEDIAN PROGRESSION-FREE SURVIVAL TO OVER FOUR AND A HALF YEARS COMPARED TO 13.8 MONTHS WITH PLACEBO FOR PATIENTS WITH BRCA-MUTATED ADVANCED OVARIAN CANCER.MERCK & CO INC - FIVE-YEAR FOLLOW-UP DATA FROM PHASE 3 SOLO-1 TRIAL SHOWED LYNPARZA REDUCED RISK OF DISEASE PROGRESSION OR DEATH BY 67%.MERCK & CO INC - AT FIVE YEARS, 48.3% OF PATIENTS TREATED WITH LYNPARZA REMAINED FREE FROM DISEASE PROGRESSION VERSUS. 20.5% ON PLACEBO.MERCK & CO INC - SAFETY PROFILE OF LYNPARZA WAS CONSISTENT WITH PREVIOUS OBSERVATIONS IN SOLO-1..MERCK & CO INC - TWELVE PERCENT OF PATIENTS ON LYNPARZA DISCONTINUED TREATMENT DUE TO AN ADVERSE REACTION.",0,0,1,1,0,1,1,0,"",0,"",0,"",0,"",0,"",0,"",0,"",0
26,"2020-09-23","J&J, On Covid-19 Says Like Many Organizations, We Are Evaluating Potential Benefit Of A Human Challenge Trials; Top adviser steps aside from FDA COVID-19 vaccine reviews over potential conflict; FDA Accepts Supplemental New Drug Application For Pfizer’S Xalkori For The Treatment Of Pediatric Alk-Positive Anaplastic Large Cell Lymphoma; Top adviser steps aside from FDA COVID-19 vaccine reviews over potential conflict","Earnings Announcements; Products, Community; Products; Products, Community","Sept 23 (Reuters) - Johnson & Johnson ::J&J, ON COVID-19 SAYS LIKE MANY ORGANIZATIONS, WE ARE EVALUATING POTENTIAL BENEFIT OF A HUMAN CHALLENGE TRIALS.J&J, ON COVID-19 VACCINE SAYS WILL ONLY CONDUCT A HUMAN CHALLENGE TRIAL IN A SITUATION IN WHICH IT WAS DEEMED ETHICAL TO DO SO BY ETHICAL COMMITTEES.; By Dan Levine and Marisa Taylor:.; Sept 23 (Reuters) - Pfizer Inc ::FDA ACCEPTS SUPPLEMENTAL NEW DRUG APPLICATION FOR PFIZER’S XALKORI® (CRIZOTINIB) FOR THE TREATMENT OF PEDIATRIC ALK-POSITIVE ANAPLASTIC LARGE CELL LYMPHOMA.PFIZER INC - PRESCRIPTION DRUG USER FEE ACT (PDUFA) GOAL DATE FOR A DECISION BY FDA IS JANUARY 2020..; By Dan Levine and Marisa Taylor:.",1,0,1,0,0,1,0,0,"",0,"",0,"",0,"",0,"",0,"",0,"",0
27,"2020-10-21","Data From Pfizer’S Adult And Pediatric Clinical Trial Programs For 20-Valent Pneumococcal Conjugate Vaccine Presented At Idweek 2020; Enzymatica Enters Agreement With Sanofi For Covering France And Italy On Common Cold Spray Coldzyme®; Sanofi And Parkinson's Foundation Announce New Research Collaboration; Genmab Announces IFM, Hovon And Janssen Achieve Positive Topline Results In Second Part Of Phase 3 Cassiopeia Study Of Daratumumab In Multiple Myeloma At Pre-Planned Interim Analysis","Products, Regulatory; Products, Other Pre-Announcement; Strategic Combinations; Regulatory, Earnings Announcements","Oct 21 (Reuters) - Pfizer Inc ::DATA FROM PFIZER’S ADULT AND PEDIATRIC CLINICAL TRIAL PROGRAMS FOR 20-VALENT PNEUMOCOCCAL CONJUGATE VACCINE PRESENTED AT IDWEEK 2020.PFIZER INC - INVESTIGATIONAL VACCINE DEMONSTRATED POSITIVE SAFETY RESULTS AND IMMUNE RESPONSES TO 20 S. PNEUMONIAE SEROTYPES IN ADULTS AND INFANTS.PFIZER INC - PFIZER HAS SUBMITTED TO FDA ITS BIOLOGICS LICENSE APPLICATION FOR ADULTS 18 YEARS OF AGE OR OLDER AND AWAITS ACCEPTANCE FOR REVIEW.PFIZER INC - ANTICIPATES SUBMITTING 20VPNC MARKETING AUTHORIZATION APPLICATION FOR ADULTS TO EUROPEAN MEDICINES AGENCY IN Q1 2021.; Oct 21 (Reuters) - Enzymatica AB (publ) ::ENZYMATICA ENTERS AGREEMENT WITH SANOFI FOR COVERING FRANCE AND ITALY ON COMMON COLD SPRAY COLDZYME®.EXPECTS TO LAUNCH COLDZYME UNDER THEIR ESTABLISHED TRADEMARKS IN THESE MARKETS DURING COUGH & COLD SEASONS 2020/2021.ENZYMATICA AND SANOFI CONSUMER HEALTH CARE HAVE ENTERED AN AGREEMENT FOR MARKETING, DISTRIBUTION AND SALES OF ENZYMATICA'S COLD SPRAY COLDZYME® IN FRANCE AND ITALY.; Oct 21 (Reuters) - Sanofi SA ::SANOFI AND THE PARKINSON'S FOUNDATION COLLABORATE TO ADVANCE THE AVAILABILITY OF FREE GENETIC TESTING AND COUNSELING FOR PEOPLE WITH PARKINSON'S DISEASE.SANOFI WILL PROVIDE $1 MILLION IN RESEARCH FUNDING TO SUPPORT PD GENERATION: MAPPING FUTURE OF PARKINSON'S DISEASE INITIATIVE.; Oct 21 (Reuters) - Genmab A/S ::REG-GENMAB ANNOUNCES IFM, HOVON AND JANSSEN ACHIEVE POSITIVE TOPLINE RESULTS IN SECOND PART OF PHASE 3 CASSIOPEIA STUDY OF DARATUMUMAB IN MULTIPLE MYELOMA AT PRE-PLANNED INTERIM ANALYSIS.INDEPENDENT DATA MONITORING COMMITTEE RECOMMENDS UNBLINDING STUDY RESULTS.BASED ON DATA, JANSSEN PLANS TO DISCUSS POTENTIAL FOR A REGULATORY SUBMISSION WITH HEALTH AUTHORITIES.SECOND PART OF STUDY MET PRIMARY ENDPOINT.",1,1,0,0,0,1,0,0,"",0,"",0,"",0,"",0,"",0,"",0,"",0
28,"2020-10-26","AnaptysBio And GlaxoSmithKline Amend Strategic Immuno-Oncology Collaboration","Strategic Combinations","Oct 26 (Reuters) - AnaptysBio Inc ::ANAPTYSBIO AND GLAXOSMITHKLINE AMEND STRATEGIC IMMUNO-ONCOLOGY COLLABORATION.ANAPTYSBIO INC - GSK TO PAY ONE-TIME CASH PAYMENT OF $60MM TO ANAPTYSBIO WITHIN 30 DAYS.ANAPTYSBIO - GSK OBTAINS FREEDOM TO DEVELOP AND COMMERCIALIZE ZEJULA IN COMBINATION WITH THIRD PARTY MOLECULES.ANAPTYSBIO INC - GSK HAS AGREED TO INCREASE ROYALTIES DUE TO ANAPTYSBIO UPON NET SALES OF DOSTARLIMAB.",0,0,0,0,0,0,1,0,"",0,"",0,"",0,"",0,"",0,"",0,"",0
29,"2020-10-28","GSK Sees FY2020 Adj EPS At Lower End Of -1% To -4% Range At CER; Astrazeneca Says Forxiga Cardiovascular Outcomes Benefit Approved In China","Other Pre-Announcement; Regulatory","Oct 28 (Reuters) - GlaxoSmithKline PLC ::Q3 REVENUE 8.646 BILLION STG.Q3 EPS FELL 9 PERCENT TO 25 PENCE.Q3 ADJUSTED EPS ROSE 1 PERCENT TO 35.6 PENCE.GSK - ON TRACK TO DELIVER FULL YEAR 2020 ADJUSTED EPS AT LOWER END OF -1% TO -4% RANGE AT CER.GSK - 19P DIVIDEND DECLARED FOR QUARTER.GSK - 19P DIVIDEND DECLARED FOR QUARTER.GSK - QTRLY SHINGRIX SALES £374 MILLION, -30% AER, -25% CER..GSK - PHASE I/II STUDY OF SANOFI-GSK ADJUVANTED RECOMBINANT PROTEIN-BASED VACCINE CANDIDATE INITIATED. PHASE III TRIAL EXPECTED TO START DECEMBER 2020.GSK - QTRLY SALES FROM PHARMACEUTICALS £4.2 BILLION, -7% AER, -3% CER.GSK - QTRLY SALES FROM VACCINES £2.0 BILLION, -12% AER, -9% CER.GSK - RESEARCH AND DEVELOPMENT COSTS DOWN IN QUARTER; EXPECT 2020 FULL YEAR RESEARCH AND DEVELOPMENT COSTS TO RISE.GSK - COVID-19 PANDEMIC HAS IMPACTED GROUP PERFORMANCE, PARTICULARLY IN VACCINES BUSINESS, DURING FIRST NINE MONTHS OF 2020.GSK - QTRLY SALES FROM CONSUMER HEALTHCARE £2.4 BILLION, -4% AER, +2% CER.GSK-PHASEIII STUDY UNDERWAY FOR VIR-GSK ANTIBODY (VIR-7831)FOR HIGH-RISK OUTPATIENTS WITH COVID19 INITIAL RESULTS POTENTIALLY AVAILABLE BY END OF 2020.GSK - COVID-19 PANDEMIC HAS IMPACTED GROUP PERFORMANCE, PARTICULARLY IN VACCINES BUSINESS, DURING FIRST NINE MONTHS OF 2020.GSK - CONTINUE TO MAKE GOOD PROGRESS ON OUR PREPARATIONS TO SEPARATE GROUP AND CREATE TWO NEW COMPANIES - IN BIOPHARMA AND CONSUMER HEALTH.GSK - IMPROVING VACCINATION RATES THIS QUARTER.; Oct 28 (Reuters) - AstraZeneca Plc ::FORXIGA CV OUTCOMES BENEFIT APPROVED IN CHINA.UPDATE TO APPROVAL INCLUDES DECLARE-TIMI 58 PHASE III TRIAL THAT REDUCED RISK.CHINA'S NMPA HAS UPDATED LABEL FOR ASTRAZENECA'S FORXIGA (DAPAGLIFLOZIN) TO INCLUDE DATA FROM DECLARE-TIMI 58 PHASE III TRIAL..",0,0,0,1,0,0,1,0,"",0,"",0,"",0,"",0,"",0,"",0,"",0
30,"2020-10-30","Mylan Says Combination With Upjohn Expected To Close On November 16","Mergers / Acquisitions","Oct 30 (Reuters) - Mylan NV ::MYLAN AND PFIZER RECEIVE CLEARANCE FROM THE U.S. FEDERAL TRADE COMMISSION FOR PROPOSED COMBINATION OF MYLAN AND UPJOHN.MYLAN NV - COMBINATION IS EXPECTED TO CLOSE ON NOVEMBER 16, AT WHICH TIME COMBINED CO WILL BE RENAMED VIATRIS INC.",0,0,0,0,0,1,0,0,"",0,"",0,"",0,"Mylan Says Combination With Upjohn Expected To Close On November 16",1,"",0,"",0,"",0
31,"2020-11-02","Aspen Announces Deal With J&J To Make COVID-19 Vaccine; Sanofi Offers To Acquire Kiadis For 308 Million Euros; AstraZeneca Says Anifrolumab Reduces Disease Flares In Patients With Systemic Lupus Erythematosus While Allowing Oral Corticosteroid Tapering; Fusion Pharma, AstraZeneca To Jointly Develop Radiopharmaceuticals, Combination Therapies","Strategic Combinations; Mergers / Acquisitions; Products, Regulatory; Products","Nov 2 (Reuters) - Aspen Pharmacare Holdings Ltd ::JSE: APN - ASPEN ANNOUNCES AGREEMENT WITH JOHNSON & JOHNSON TO MANUFACTURE INVESTIGATIONAL COVID-19 VACCINE CANDIDATE.ASPEN PHARMACARE - VACCINE CANDIDATE IS CURRENTLY UNDERGOING CLINICAL TRIALS.ASPEN - TO PROVIDE CAPACITY REQUIRED FOR MANUFACTURE OF JOHNSON & JOHNSON'S COVID-19 VACCINE CANDIDATE AT EXISTING STERILE FACILITY IN PORT ELIZABETH.; Nov 2 (Reuters) - KIADIS PHARMA NV ::SANOFI OFFERS TO ACQUIRE KIADIS FOR €308 MILLION.OFFER PRICE REPRESENTS A PREMIUM OF 272% OVER CLOSING PRICE ON 30 OCTOBER 2020.KIADIS' BOARDS UNANIMOUSLY SUPPORT AND RECOMMEND OFFER AND BELIEVE OFFER IS A FAIR REFLECTION OF KIADIS' POTENTIAL.; Nov 2 (Reuters) - AstraZeneca PLC ::ASTRAZENECA - HIGHER DOSES OF CORTICOSTEROIDS, COMMONLY USED IN PATIENTS WITH SYSTEMIC LUPUS ERYTHEMATOSUS, ARE ASSOCIATED WITH ORGAN DAMAGE.ASTRAZENECA - NEW ANALYSIS OF PHASE III TULIP CLINICAL TRIAL SHOWED THAT TREATMENT WITH ANIFROLUMAB RESULTED IN A GREATER REDUCTION IN DISEASE FLARES.ASTRAZENECA - TREATMENT RESULTED IN GREATER REDUCTION IN DISEASE FLARES WHILE HAVING SUSTAINED REDUCTION IN DOSES OF ORAL CORTICOSTEROIDS VERSUS PLACEBO.ASTRAZENECA - SAFETY PROFILE, TOLERABILITY OF ANIFROLUMAB IN POOLED ANALYSIS WERE CONSISTENT WITH KNOWN PROFILE FROM TULIP CLINICAL TRIAL PROGRAMME.; Nov 2 (Reuters) - AstraZeneca PLC ::FUSION PHARMACEUTICALS ANNOUNCES COLLABORATION WITH ASTRAZENECA TO DEVELOP AND COMMERCIALIZE NEXT-GENERATION RADIOPHARMACEUTICALS AND COMBINATION THERAPIES.FUSION PHARMACEUTICALS INC - AGREEMENT INCLUDES AN UPFRONT PAYMENT FROM ASTRAZENECA, AS WELL AS FUTURE DEVELOPMENT MILESTONE AND OTHER PAYMENTS.FUSION PHARMACEUTICALS INC - AGREEMENT INCLUDES AN UPFRONT PAYMENT FROM ASTRAZENECA, AS WELL AS FUTURE DEVELOPMENT MILESTONE AND OTHER PAYMENTS.FUSION PHARMACEUTICALS INC - FUSION AND ASTRAZENECA WILL JOINTLY DISCOVER, DEVELOP AND HAVE OPTION TO CO-COMMERCIALIZE NOVEL TATS IN UNITED STATES.FUSION PHARMACEUTICALS INC - BOTH COMPANIES WILL HAVE A 50/50 PROFIT AND LOSS SHARE ON A WORLDWIDE BASIS..FUSION PHARMACEUTICALS INC - COMPANIES WILL ALSO EVALUATE POTENTIAL COMBINATION STRATEGIES INVOLVING EXISTING ASSETS IN THEIR RESPECTIVE PORTFOLIOS.FUSION PHARMACEUTICALS - FUSION WILL CONDUCT PRECLINICAL DEVELOPMENT. ASTRAZENECA WILL CONDUCT AND FUND CLINICAL DEVELOPMENT OF COMBINATION THERAPIES.",1,1,0,1,0,0,0,0,"",0,"",0,"",0,"Aspen Announces Deal With J&J To Make COVID-19 Vaccine; Sanofi Offers To Acquire Kiadis For 308 Million Euros; AstraZeneca Says Anifrolumab Reduces Disease Flares In Patients With Systemic Lupus Erythematosus While Allowing Oral Corticosteroid Tapering; Fusion Pharma, AstraZeneca To Jointly Develop Radiopharmaceuticals, Combination Therapies",1,"",0,"",0,"Aspen Announces Deal With J&J To Make COVID-19 Vaccine; Sanofi Offers To Acquire Kiadis For 308 Million Euros; AstraZeneca Says Anifrolumab Reduces Disease Flares In Patients With Systemic Lupus Erythematosus While Allowing Oral Corticosteroid Tapering; Fusion Pharma, AstraZeneca To Jointly Develop Radiopharmaceuticals, Combination Therapies",1
32,"2020-11-03","GSK Says Aims To Have Net Zero Impact On Climate And A Net Positive Impact On Nature By 2030; J&J Says It Will Record A Reserve Of About $2.1 Billion, Consistent With Ingham Verdict, Which Will Be Reflected In Its 2020 Results","Environmental; Litigation","Nov 3 (Reuters) - GlaxoSmithKline PLC ::GSK - GSK SETS NEW ENVIRONMENTAL GOALS OF NET ZERO IMPACT ON CLIMATE AND NET POSITIVE IMPACT ON NATURE BY 2030.GSK - GSK SETS NEW ENVIRONMENTAL GOALS OF NET ZERO IMPACT ON CLIMATE AND NET POSITIVE IMPACT ON NATURE BY 2030.GSK - AIMING TO HAVE A NET ZERO IMPACT ON CLIMATE AND A NET POSITIVE IMPACT ON NATURE BY 2030.GSK - COMPANY HAS SET NEW TARGETS ACROSS ITS DIFFERENT BUSINESSES.GLAXOSMITHKLINE PLC - GSK SETS NEW ENVIRONMENTAL GOALS.GSK - SETS NEW ENVIRONMENTAL GOALS OF NET ZERO IMPACT ON CLIMATE AND NET POSITIVE IMPACT ON NATURE BY 2030.GSK - AIMING TO HAVE A NET ZERO IMPACT ON CLIMATE AND A NET POSITIVE IMPACT ON NATURE BY 2030..GSK - NEW GOALS APPLY PRINCIPALLY TO GSK'S BIOPHARMA BUSINESS AND PORTFOLIO..GSK - COMPANY WILL ALIGN TO SCIENCE BASED TARGETS NETWORK APPROACH TO MEASURE ITS IMPACT ON NATURE.GSK - NEW GOALS APPLY PRINCIPALLY TO GSK'S BIOPHARMA BUSINESS AND PORTFOLIO.GSK - COMPANY'S CONSUMER HEALTHCARE BUSINESS WILL ALSO CONTRIBUTE TOWARDS THESE GOALS THROUGH DELIVERY OF ITS OWN TARGETS, WHILST IT IS PART OF GSK.; Nov 3 (Reuters) - Johnson & Johnson ::J&J - WILL RECORD A RESERVE OF ABOUT $2.1 BILLION, (EXCLUDING INTEREST) CONSISTENT WITH INGHAM VERDICT, WHICH WILL BE REFLECTED IN ITS 2020 RESULTS.",1,0,0,0,0,0,1,0,"",0,"",0,"",0,"",0,"",0,"",0,"",0
33,"2020-11-06","Pfizer Announces Positive Phase 3 Study Results For Xeljanz ® (Tofacitinib) In Ankylosing Spondylitis (As); AstraZeneca Says Brilinta Approved In U.S. In Stroke; Pfizer Says In August 2020, Co Received Informal Request From The SEC’S FCPA Unit, Seeking Documents Relating To Operations In China","Products, Regulatory, Earnings Announcements; Products, Regulatory; Regulatory","Nov 6 (Reuters) - Pfizer Inc ::PFIZER ANNOUNCES POSITIVE PHASE 3 STUDY RESULTS FOR XELJANZ ® (TOFACITINIB) IN ANKYLOSING SPONDYLITIS (AS).PFIZER INC - STUDY MET ITS PRIMARY AND KEY SECONDARY ENDPOINT OF ASSESSMENT IN SPONDYLOARTHRITIS INTERNATIONAL SOCIETY (ASAS) 20 AND 40 RESPONSE.PFIZER INC - FDA HAS ACCEPTED PFIZER'S APPLICATION FOR AS INDICATION AND PRESCRIPTION DRUG USER FEE ACT (PDUFA) GOAL DATE IS IN Q2 2021.PFIZER INC - PERCENTAGE OF ASAS40 RESPONSE WAS SIGNIFICANTLY GREATER WITH TOFACITINIB (40.6%) VERSUS PLACEBO.; Nov 6 (Reuters) - AstraZeneca PLC ::ASTRAZENECA PLC - BRILINTA APPROVED IN THE US IN STROKE.ASTRAZENECA - BRILINTA APPROVED IN US TO REDUCE RISK OF STROKE IN PATIENTS WITH AN ACUTE ISCHAEMIC STROKE OR HIGH-RISK TRANSIENT ISCHAEMIC ATTACK.ASTRAZENECA - NEW INDICATION EXPANDS USE OF BRILINTA BEYOND CARDIOVASCULAR DISEASE TO PATIENTS WITH MILD-TO-MODERATE STROKE.ASTRAZENECA- APPROVAL BY US FOOD AND DRUG ADMINISTRATION (FDA) WAS BASED ON POSITIVE RESULTS FROM THALES PHASE III TRIAL.ASTRAZENECA- REGULATORY SUBMISSIONS TO EXPAND APPROVED INDICATION ARE ALSO UNDER REGULATORY REVIEW IN CHINA & EU WHERE MEDICINE'S NAME IS BRILIQUE.; Nov 5 (Reuters) - Pfizer Inc ::PFIZER INC SAYS IN AUGUST 2020, CO RECEIVED INFORMAL REQUEST FROM THE SEC’S FCPA UNIT, SEEKING DOCUMENTS RELATING TO OPERATIONS IN CHINA - SEC FILING.PFIZER INC SAYS PRODUCING RECORDS PURSUANT TO THE U.S. SEC’S FCPA UNIT'S REQUESTS.",0,0,0,1,0,1,0,0,"",0,"",0,"",0,"",0,"",0,"",0,"",0
34,"2020-11-16","Biontech And Fosun Pharma Receive Approval To Start COVID-19 Vaccine Candidate Trial In China; ModernaÕS Covid-19 Vaccine Candidate Meets Its Primary Efficacy Endpoint In The First Interim Analysis Of The Phase 3 Cove Study; Adage Capital Partners GP, L.L.C. Dissolves Share Stake In Pfizer; Ups Stake in Biogen, ViacomCBS","Regulatory; Regulatory, Other Pre-Announcement; Equity Investments, Equity Financing / Related","Nov 16 (Reuters) - BIONTECH SE ::BIONTECH AND FOSUN PHARMA RECEIVE APPROVAL TO COMMENCE COVID-19 VACCINE CANDIDATE BNT162B2 TRIAL IN CHINA.BIONTECH THROUGH ITS PARTNER FOSUN PHARMA WILL NOW COMMENCE A PHASE 2 CLINICAL TRIAL IN MAINLAND CHINA.; Nov 16 (Reuters) - Moderna Inc ::MODERNAÕS COVID-19 VACCINE CANDIDATE MEETS ITS PRIMARY EFFICACY ENDPOINT IN THE FIRST INTERIM ANALYSIS OF THE PHASE 3 COVE STUDY.MODERNA INC - PHASE 3 STUDY MET STATISTICAL CRITERIA WITH A VACCINE EFFICACY OF 94.5% (P; Nov 16 (Reuters) - ADAGE CAPITAL PARTNERS GP, L.L.C.::ADAGE CAPITAL PARTNERS GP, L.L.C. UPS SHARE STAKE IN BIOGEN FROM 55,590 SHARES TO 176,880 SHARES - SEC FILING.ADAGE CAPITAL PARTNERS GP, L.L.C. CUTS SHARE STAKE IN FORD BY 30.7% TO 952,592 SHARES.ADAGE CAPITAL PARTNERS GP, L.L.C. UPS SHARE STAKE IN ASTRAZENECA FROM 175,000 SPONSORED ADR TO 675,000 SPONSORED ADR.ADAGE CAPITAL PARTNERS GP, L.L.C. CUTS SHARE STAKE IN NOVAVAX BY 87.5% TO 25,000 COMMON NEW SHARES.ADAGE CAPITAL PARTNERS GP, L.L.C. DISSOLVES SHARE STAKE IN PFIZER.ADAGE CAPITAL PARTNERS GP, L.L.C. CUTS SHARE STAKE IN WALGREENS BOOTS ALLIANCE BY ABOUT 52% TO 409,697 SHARES.ADAGE CAPITAL PARTNERS GP, L.L.C UPS SHARE STAKE IN WELLS FARGO BY ABOUT 24% TO 5.3 MILLION SHARES.ADAGE CAPITAL PARTNERS GP, L.L.C TAKES SHARE STAKE IN DOW INC OF 217,100 SHARES.ADAGE CAPITAL PARTNERS GP, L.L.C UPS SHARE STAKE IN VIACOMCBS INC FROM 174,408 SHARES TO 1.5 MILLION SHARES.ADAGE CAPITAL PARTNERS GP, L.L.C CUTS SHARE STAKE IN FREEPORT-MCMORAN INC FROM 6.4 MILLION CLASS B SHARES TO 42,700 CLASS B SHARES.",0,0,1,1,0,0,0,1,"",0,"Biontech And Fosun Pharma Receive Approval To Start COVID-19 Vaccine Candidate Trial In China; ModernaÕS Covid-19 Vaccine Candidate Meets Its Primary Efficacy Endpoint In The First Interim Analysis Of The Phase 3 Cove Study; Adage Capital Partners GP, L.L.C. Dissolves Share Stake In Pfizer; Ups Stake in Biogen, ViacomCBS",1,"",0,"",0,"",0,"",0,"",0
35,"2020-11-27","UK's MHRA Says It Got Health Dept Letter Requesting Review Of Oxford/AstraZeneca COVID-19 Vaccine Candidate","Regulatory","Nov 27 (Reuters) - UK's Medicines and Healthcare products Regulatory Agency::OXFORD/ASTRAZENECA COVID-19 VACCINE: MHRA STATEMENT CONFIRMING LETTER RECEIVED.UK'S MHRA - GOT LETTER FROM DEPARTMENT OF HEALTH AND SOCIAL CARE REQUESTING REVIEW OF THE OXFORD/ASTRAZENECA COVID-19 VACCINE CANDIDATE.UK'S MHRA - WILL SEEK ADVICE FROM GOVT’S INDEPENDENT ADVISORY BODY, THE COMMISSION ON HUMAN MEDICINES ON OXFORD/ASTRAZENECA COVID-19 VACCINE CANDIDATE.",0,0,0,1,0,0,0,0,"",0,"",0,"",0,"",0,"",0,"",0,"",0
36,"2020-11-30","Glaxosmithkline PLC Reports Passive Stake Of 8.9% In F-Star Therapeutics, Inc As Of November 20, 2020; AstraZeneca Says Forxiga Approved In Japan For Heart Failure; Kiadis Pharma and Sanofi Confirm Good Progress On Preparations For Offer; Novavax Says Interim Data In Covid-19 Phase 3 Trial In Uk Expected As Soon As Early Q1 2021; 19 vaccine 94.1% effective","Equity Investments; Regulatory; Earnings Announcements, Mergers / Acquisitions; Regulatory; Products, Regulatory, Community","Nov 30 (Reuters) - F-Star Therapeutics Inc ::GLAXOSMITHKLINE PLC REPORTS PASSIVE STAKE OF 8.9% IN F-STAR THERAPEUTICS, INC AS OF NOVEMBER 20, 2020 - SEC FILING.; Nov 30 (Reuters) - AstraZeneca PLC ::ASTRAZENECA PLC - FORXIGA APPROVED IN JAPAN FOR HEART FAILURE.ASTRAZENECA- FORXIGA (DAPAGLIFLOZIN) APPROVED IN JAPAN FOR TREATMENT OF PATIENTS WITH CHRONIC HEART FAILURE (HF) WHO ARE RECEIVING STANDARD OF CARE.ASTRAZENECA- APPROVAL WAS BASED ON POSITIVE RESULTS FROM LANDMARK DAPA-HF PHASE III TRIAL.; Nov 30 (Reuters) - KIADIS PHARMA NV ::REG-UPDATE ON THE INTENDED OFFER BY SANOFI FOR KIADIS.SANOFI AND KIADIS CONFIRM THAT THEY ARE MAKING GOOD PROGRESS ON PREPARATIONS FOR OFFER.SANOFI AND KIADIS ANTICIPATE THAT OFFER WILL CLOSE IN FIRST HALF OF 2021.SANOFI AND KIADIS CONFIRM THAT PROCESS TO OBTAIN REQUIRED COMPETITION CLEARANCE FOR OFFER IS PROCEEDING.; Nov 30 (Reuters) - Novavax::NOVAVAX SAYS U.S./MEXICO COVID-19 PHASE 3 TRIAL EXPECTED TO BEGIN IN THE COMING WEEKS.NOVAVAX - HAS BEEN WORKING CLOSELY WITH FDA TO COMPLETE TRIAL-INITIATION GATING ACTIVITIES RELATED TO COMMERCIAL-SCALE PRODUCTION IN NORTH CAROLINA.NOVAVAX - WILL USE VACCINE MATERIAL PRODUCED AT COMMERCIAL SCALE FOR U.S./MEXICO COVID-19 PHASE 3 TRIAL.NOVAVAX SAYS PIVOTAL COVID-19 PHASE 3 TRIAL IN UK & PHASE2B EFFICACY TRIAL IN SOUTH AFRICA COMPLETES ENROLLMENT.NOVAVAX - INTERIM DATA IN COVID-19 PHASE 3 TRIAL IN UK EXPECTED AS SOON AS EARLY Q1 2021, ALTHOUGH TIMING DEPENDS ON COVID-19 RATE IN THE REGION.NOVAVAX, ON COVID-19 PHASE 2B TRIAL IN SOUTH AFRICA, SAYS AVAILABILITY OF EFFICACY DATA DEPENDS ON ILLNESS RATE & MAY BE AVAILABLE AS SOON AS Q1 2021.NOVAVAX - MORE THAN 25% OF ENROLLEES IN COVID-19 PHASE 3 TRIAL IN UK ARE OVER THE AGE OF 65.NOVAVAX - ADDITIONAL CLINICAL DATA FROM COVID-19 PHASE 2 TRIAL IN U.S., AUSTRALIA EXPECTED TO BE UNBLINDED IN Q1, WILL BE TARGETED FOR PUBLICATION.; By Julie Steenhuysen and Michael Erman:Nov 30 (Reuters) - Moderna Inc said it will apply for U.S. and European emergency authorization of its COVID-19 vaccine on Monday based on full results from a late-stage study showing its vaccine was 94.1% effective with no serious safety concerns..It also reported a 100% success rate in preventing severe cases. The filing sets Moderna's product up to be the second vaccine likely to receive U.S. emergency use authorization this year. .""We believe that we have a vaccine that is very highly efficacious. We now have the data to prove it,"" Moderna Chief Medical Officer Dr. Tal Zaks said in a telephone interview. ""We expect to be playing a major part in turning around this pandemic."".Zaks said he was emotional after seeing the 94.1% result over the weekend: ""It was the first time I allowed myself to cry. At this level of effectiveness, when you just do the math of what it means for the pandemic that's raging around us, it's just overwhelming."".Moderna's announcement follows news from Pfizer Inc and German partner BioNTech SE BNTX.O that their vaccine, which also uses a new technology called synthetic messenger RNA (mRNA), was 95% effective. Pfizer has applied for emergency use authorization, putting it about a week ahead of Moderna. nL1N2I40XJ.",0,1,0,1,1,0,1,0,"",0,"",0,"",0,"Glaxosmithkline PLC Reports Passive Stake Of 8.9% In F-Star Therapeutics, Inc As Of November 20, 2020; AstraZeneca Says Forxiga Approved In Japan For Heart Failure; Kiadis Pharma and Sanofi Confirm Good Progress On Preparations For Offer; Novavax Says Interim Data In Covid-19 Phase 3 Trial In Uk Expected As Soon As Early Q1 2021; 19 vaccine 94.1% effective",1,"",0,"",0,"",0
37,"2020-12-08","U.S. FDA Accepts Pfizer’s Investigational 20-Valent Pneumococcal Conjugate Vaccine Biologics License Application For Priority Review; GSK Says FDA Accepts Filing Of Nucala For Use In Chronic Rhinosinusitis With Nasal Polyps; U.S. Vaccine Chief Slaoui Says J&J Has Recruited More Than 35,000 People For Its Phase 3 Trial; AstraZeneca Announces Parternship With MYDAWA","Products; Products; Regulatory; Strategic Combinations","Dec 8 (Reuters) - Pfizer Inc ::U.S. FDA ACCEPTS FOR PRIORITY REVIEW THE BIOLOGICS LICENSE APPLICATION FOR PFIZER’S INVESTIGATIONAL 20-VALENT PNEUMOCOCCAL CONJUGATE VACCINE FOR ADULTS 18 YEARS OF AGE AND OLDER.PFIZER INC - IF APPROVED, VACCINE WILL HELP PROTECT ADULTS AGAINST 20 SEROTYPES RESPONSIBLE FOR MAJORITY OF INVASIVE PNEUMOCOCCAL DISEASE AND PNEUMONIA.PFIZER INC - PDUFA GOAL DATE FOR A DECISION BY FDA ON 20VPNC APPLICATION IS IN JUNE 2021.; Dec 8 (Reuters) - GlaxoSmithKline PLC ::GSK - FDA ACCEPTS GSK'S FILING OF NUCALA (MEPOLIZUMAB) FOR USE IN CHRONIC RHINOSINUSITIS WITH NASAL POLYPS.Further company coverage: GSK.L. ((Reuters.Briefs@thomsonreuters.com;)).; Dec 8 (Reuters) - :U.S. VACCINE CHIEF SLAOUI SAYS hAS RECRUITED MORE THAN 35,000 PEOPLE FOR ITS PHASE 3 TRIAL.GENERAL PERNA SAYS COVID-19 VACCINE SHOTS IN ARMS WITHIN 96 HOURS OF EUA. ((Reuters.Briefs@thomsonreuters.com;)).; Dec 8 (Reuters) - AstraZeneca PLC ::ASTRAZENECA - PARTERNSHIP WITH MYDAWA TO IMPROVE ACCESS AND AVAILABILITY OF MEDICINE TO IMPROVE HEALTHCARE OUTCOMES.",1,0,0,1,0,1,1,0,"",0,"",0,"",0,"",0,"",0,"",0,"",0
38,"2020-12-11","EMA Recommends Change To Product Information For Remdesivir; Pfizer Inc Says Board Of Directors Approves Quarterly Cash Dividend Of $0.39 Per Share; FDA Says It Notified U.S. Centers For Disease Control,Prevention And Operation Warp Speed, So They Can Execute Their Plans For Timely Vaccine Distribution; Sanofi Says CHMP Recommends Approval Of Plavix® (Clopidogrel) With Aspirin In Adults; Innate Pharma To Return US And EU Lumoxiti Commercialisation Rights To AstraZeneca; White House Threatens FDA Chief Hahn If Pfizer-Biontech Vaccine Isn’t Authorized Friday - Washington Post; FDA Says It Notified U.S. Centers For Disease Control,Prevention And Operation Warp Speed, So They Can Execute Their Plans For Timely Vaccine Distribution; EMA Recommends Change To Product Information For Remdesivir; White House Threatens FDA Chief Hahn If Pfizer-Biontech Vaccine Isn’t Authorized Friday - Washington Post; U.S. Government Exercises 1St Option For Additional 100 Million Doses Of ModernaÕS Covid-19 Vaccine Candidate","Products, Regulatory; Dividends, Equity Financing / Related; Products; Other Pre-Announcement; Earnings Announcements; Products; Products; Products, Regulatory; Products; Other Pre-Announcement","Dec 11 (Reuters) - European Medicines Agency::EMA- COMMITTEE RECOMMENDED GRANTING CONDITIONAL MARKETING AUTHORISATION FOR ENHERTU FOR TREATMENT OF METASTATIC HER2-POSITIVE BREAST CANCER..EMA SAYS RUKOBIA (FOSTEMSAVIR) RECEIVED A POSITIVE OPINION FOR THE TREATMENT OF MULTIDRUG RESISTANT HIV-1 INFECTION.EMA-COMMITTEE RECOMMENDS GRANTING MARKETING AUTHORISATION UNDER EXCEPTIONAL CIRCUMSTANCES FOR LUMOXITI FOR RELAPSED OR REFRACTORY HAIRY CELL LEUKAEMIA.EMA - CHMP ADOPTED POSITIVE OPINION RECOMMENDING CHANGE TO PRODUCT INFORMATION FOR REMDESIVIR TO PROVIDE CLEARER INSTRUCTIONS FOR COVID-19 PATIENTS .EMA-CHANGE TO REMDESIVIR COVID-19 INFO NOW ADDS THAT PATIENTS COULD NEED LOW- OR HIGH-FLOW OXYGEN/OTHER NON-INVASIVE VENTILATION AT START OF TREATMENT.; Dec 11 (Reuters) - Pfizer Inc ::PFIZER INC - BOARD OF DIRECTORS APPROVES QUARTERLY CASH DIVIDEND OF $0.39 PER SHARE.PFIZER INC - DECLARED A 39-CENT FIRST-QUARTER 2021 DIVIDEND ON COMPANY'S COMMON STOCK, PAYABLE MARCH 5, 2021.PFIZER INC - EXPECTED THAT VIATRIS WILL BEGIN PAYING A QUARTERLY DIVIDEND IN Q2 OF 2021, AT WHICH TIME PFIZER'S QUARTERLY DIVIDEND WILL BE REDUCED.; Dec 11 (Reuters) - FDA::FDA - FDA HAS INFORMED THE SPONSOR THAT IT WILL RAPIDLY WORK TOWARD FINALIZATION AND ISSUANCE OF EUA FOR PFIZER-BIONTECH'S COVID-19 VACCINE.FDA - NOTIFIED U.S. CENTERS FOR DISEASE CONTROL,PREVENTION AND OPERATION WARP SPEED, SO THEY CAN EXECUTE THEIR PLANS FOR TIMELY VACCINE DISTRIBUTION.FDA - FDA HAS INFORMED THE SPONSOR THAT IT WILL RAPIDLY WORK TOWARD FINALIZATION AND ISSUANCE OF EUA FOR PFIZER-BIONTECH'S COVID-19 VACCINE.FDA - NOTIFIED U.S. CENTERS FOR DISEASE CONTROL,PREVENTION AND OPERATION WARP SPEED, SO THEY CAN EXECUTE THEIR PLANS FOR TIMELY VACCINE DISTRIBUTION.; Dec 11 (Reuters) - SANOFI SA ::REG-CHMP RECOMMENDS APPROVAL OF PLAVIX® (CLOPIDOGREL) WITH ASPIRIN IN ADULTS FOR CERTAIN TYPES OF STROKES.POSITIVE OPINION BASED ON CLINICAL DATA DEMONSTRATING COMBINATION THERAPY WITH PLAVIX PROVIDED GREATER PROTECTION AGAINST SUBSEQUENT STROKE THAN ASPIRIN ALONE.CHMP ISSUES POSITIVE OPINION FOR USE OF PLAVIX WITH ASPIRIN IN ADULTS WITHIN 24 HOURS OF MINOR ISCHEMIC STROKE OR HIGH-RISK TRANSIENT ISCHEMIC ATTACK.FOLLOWING THIS CHMP POSITIVE OPINION, A FINAL DECISION ABOUT NEW, EXPANDED INDICATION IS ANTICIPATED IN Q1 2021.; Dec 11 (Reuters) - INNATE PHARMA SA ::INNATE PHARMA TO RETURN US AND EU LUMOXITI COMMERCIALIZATION RIGHTS TO ASTRAZENECA.COMPANIES WILL DEVELOP A TRANSITION PLAN WITH GOAL OF RETURNING FULL COMMERCIALIZATION RESPONSIBILITIES TO ASTRAZENECA IN 2021.COMPANIES WILL ENSURE AVAILABILITY OF LUMOXITI TO PATIENTS DURING TRANSITION PERIOD.INNATE WILL NO LONGER PURSUE LUMOXITI COMMERCIALIZATION ACTIVITIES IN US OR EU; COMPANY TO RE-FOCUS INVESTMENTS IN ITS RESEARCH AND DEVELOPMENT PORTFOLIO.COMPANIES WILL DEVELOP A TRANSITION PLAN, INCLUDING COSTS AND TRANSFER OF US MARKETING AUTHORIZATION AND DISTRIBUTION OF LUMOXITI BACK TO ASTRAZENECA IN 2021.ALL OTHER AGREEMENTS WITH ASTRAZENECA REMAIN UNCHANGED.ACCOUNTING IMPACTS WILL BE PRESENTED IN DECEMBER 31, 2020 FINANCIAL STATEMENTS.; Dec 11 (Reuters) - :WHITE HOUSE THREATENS FDA CHIEF HAHN IF PFIZER-BIONTECH VACCINE ISN’T AUTHORIZED FRIDAY - WASHINGTON POST.WHITE HOUSE THREATENS FDA CHIEF TO SUBMIT HIS RESIGNATION IF AGENCY DOES NOT CLEAR NATION’S FIRST CORONAVIRUS VACCINE BY DAY’S END - WASHINGTON POST.; Dec 11 (Reuters) - FDA::FDA - FDA HAS INFORMED THE SPONSOR THAT IT WILL RAPIDLY WORK TOWARD FINALIZATION AND ISSUANCE OF EUA FOR PFIZER-BIONTECH'S COVID-19 VACCINE.FDA - NOTIFIED U.S. CENTERS FOR DISEASE CONTROL,PREVENTION AND OPERATION WARP SPEED, SO THEY CAN EXECUTE THEIR PLANS FOR TIMELY VACCINE DISTRIBUTION.FDA - FDA HAS INFORMED THE SPONSOR THAT IT WILL RAPIDLY WORK TOWARD FINALIZATION AND ISSUANCE OF EUA FOR PFIZER-BIONTECH'S COVID-19 VACCINE.FDA - NOTIFIED U.S. CENTERS FOR DISEASE CONTROL,PREVENTION AND OPERATION WARP SPEED, SO THEY CAN EXECUTE THEIR PLANS FOR TIMELY VACCINE DISTRIBUTION.; Dec 11 (Reuters) - European Medicines Agency::EMA- COMMITTEE RECOMMENDED GRANTING CONDITIONAL MARKETING AUTHORISATION FOR ENHERTU FOR TREATMENT OF METASTATIC HER2-POSITIVE BREAST CANCER..EMA SAYS RUKOBIA (FOSTEMSAVIR) RECEIVED A POSITIVE OPINION FOR THE TREATMENT OF MULTIDRUG RESISTANT HIV-1 INFECTION.EMA-COMMITTEE RECOMMENDS GRANTING MARKETING AUTHORISATION UNDER EXCEPTIONAL CIRCUMSTANCES FOR LUMOXITI FOR RELAPSED OR REFRACTORY HAIRY CELL LEUKAEMIA.EMA - CHMP ADOPTED POSITIVE OPINION RECOMMENDING CHANGE TO PRODUCT INFORMATION FOR REMDESIVIR TO PROVIDE CLEARER INSTRUCTIONS FOR COVID-19 PATIENTS .EMA-CHANGE TO REMDESIVIR COVID-19 INFO NOW ADDS THAT PATIENTS COULD NEED LOW- OR HIGH-FLOW OXYGEN/OTHER NON-INVASIVE VENTILATION AT START OF TREATMENT.; Dec 11 (Reuters) - :WHITE HOUSE THREATENS FDA CHIEF HAHN IF PFIZER-BIONTECH VACCINE ISN’T AUTHORIZED FRIDAY - WASHINGTON POST.WHITE HOUSE THREATENS FDA CHIEF TO SUBMIT HIS RESIGNATION IF AGENCY DOES NOT CLEAR NATION’S FIRST CORONAVIRUS VACCINE BY DAY’S END - WASHINGTON POST.; Dec 11 (Reuters) - Moderna Inc ::U.S. GOVERNMENT EXERCISES 1ST OPTION FOR ADDITIONAL 100 MILLION DOSES OF MODERNAÕS COVID-19 VACCINE CANDIDATE.MODERNA INC - U.S. GOVERNMENT RETAINS OPTION TO PURCHASE UP TO AN ADDITIONAL 300 MILLION DOSES.MODERNA INC - ADDITIONAL DOSES ORDERED TODAY WILL BE DELIVERED IN Q2 2021.MODERNA INC - TOTAL OF 200 MILLION DOSES ORDERED BY U.S GOVERNMENT TO DATE.MODERNA INC - EXPECTS U.S. GOVERNMENT WILL PROVIDE VACCINE TO AMERICANS AT NO COST AS PREVIOUSLY ANNOUNCED.MODERNA INC - ""WILL HAVE ENOUGH SUPPLY TO VACCINATE ALL AMERICANS WHO WANT IT BY Q2 OF 2021"".MODERNA INC - APPROXIMATELY 20 MILLION DOSES WILL BE DELIVERED BY END OF DECEMBER 2020 AND BALANCE WILL BE DELIVERED IN Q1 OF",0,1,1,1,0,1,1,1,"",0,"EMA Recommends Change To Product Information For Remdesivir; Pfizer Inc Says Board Of Directors Approves Quarterly Cash Dividend Of $0.39 Per Share; FDA Says It Notified U.S. Centers For Disease Control,Prevention And Operation Warp Speed, So They Can Execute Their Plans For Timely Vaccine Distribution; Sanofi Says CHMP Recommends Approval Of Plavix® (Clopidogrel) With Aspirin In Adults; Innate Pharma To Return US And EU Lumoxiti Commercialisation Rights To AstraZeneca; White House Threatens FDA Chief Hahn If Pfizer-Biontech Vaccine Isn’t Authorized Friday - Washington Post; FDA Says It Notified U.S. Centers For Disease Control,Prevention And Operation Warp Speed, So They Can Execute Their Plans For Timely Vaccine Distribution; EMA Recommends Change To Product Information For Remdesivir; White House Threatens FDA Chief Hahn If Pfizer-Biontech Vaccine Isn’t Authorized Friday - Washington Post; U.S. Government Exercises 1St Option For Additional 100 Million Doses Of ModernaÕS Covid-19 Vaccine Candidate",1,"",0,"",0,"",0,"",0,"EMA Recommends Change To Product Information For Remdesivir; Pfizer Inc Says Board Of Directors Approves Quarterly Cash Dividend Of $0.39 Per Share; FDA Says It Notified U.S. Centers For Disease Control,Prevention And Operation Warp Speed, So They Can Execute Their Plans For Timely Vaccine Distribution; Sanofi Says CHMP Recommends Approval Of Plavix® (Clopidogrel) With Aspirin In Adults; Innate Pharma To Return US And EU Lumoxiti Commercialisation Rights To AstraZeneca; White House Threatens FDA Chief Hahn If Pfizer-Biontech Vaccine Isn’t Authorized Friday - Washington Post; FDA Says It Notified U.S. Centers For Disease Control,Prevention And Operation Warp Speed, So They Can Execute Their Plans For Timely Vaccine Distribution; EMA Recommends Change To Product Information For Remdesivir; White House Threatens FDA Chief Hahn If Pfizer-Biontech Vaccine Isn’t Authorized Friday - Washington Post; U.S. Government Exercises 1St Option For Additional 100 Million Doses Of ModernaÕS Covid-19 Vaccine Candidate",1
39,"2020-12-14","BioNTech And Pfizer: Additional Data From Phase 1/2 Trial With Bnt162b2; Moderna Confirms Supply Agreement With The Ministry Of Health To Supply Singapore With mRNA Vaccine Against COVID-19; BioNTech And Pfizer: Additional Data From Phase 1/2 Trial With Bnt162b2; Alexion Pharmaceuticals Says Co Will Pay Equal To $1.18 Bln To Astrazeneca, If Deal Terminated In Certain Circumstances","Products; Regulatory; Products; Mergers / Acquisitions","Dec 14 (Reuters) - BioNTech SE ::PFIZER AND BIONTECH PROVIDE DATA FROM GERMAN PHASE 1/2 STUDY FURTHER CHARACTERIZING IMMUNE RESPONSE FOLLOWING IMMUNIZATION WITH LEAD COVID-19 VACCINE CANDIDATE BNT162B2.STUDY RESULTS DEMONSTRATE THAT BNT162B2 ELICITS A COMBINED ADAPTIVE HUMORAL AND CELLULAR IMMUNE RESPONSE AGAINST SARS-COV-2 AND PROVIDE INSIGHTS INTO COMPOSITE NATURE OF BNT162B2-INDUCED T CELL IMMUNITY..DATA CONFIRM PREVIOUS FINDINGS FROM U.S. TRIAL DEMONSTRATING A GOOD SAFETY PROFILE AND ROBUST INDUCTION OF ANTIBODY RESPONSES WITH A LONGER FOLLOW-UP PERIOD OF 85 DAYS.; Dec 14 (Reuters) - Moderna Inc ::MODERNA CONFIRMS SUPPLY AGREEMENT WITH THE MINISTRY OF HEALTH TO SUPPLY SINGAPORE WITH MRNA VACCINE AGAINST COVID-19 (MRNA-1273).MODERNA INC - CONFIRMED THAT COMPANY CONCLUDED AN AGREEMENT WITH MINISTRY OF HEALTH OF SINGAPORE TO SUPPLY MRNA; Dec 14 (Reuters) - BioNTech SE ::PFIZER AND BIONTECH PROVIDE DATA FROM GERMAN PHASE 1/2 STUDY FURTHER CHARACTERIZING IMMUNE RESPONSE FOLLOWING IMMUNIZATION WITH LEAD COVID-19 VACCINE CANDIDATE BNT162B2.STUDY RESULTS DEMONSTRATE THAT BNT162B2 ELICITS A COMBINED ADAPTIVE HUMORAL AND CELLULAR IMMUNE RESPONSE AGAINST SARS-COV-2 AND PROVIDE INSIGHTS INTO COMPOSITE NATURE OF BNT162B2-INDUCED T CELL IMMUNITY..DATA CONFIRM PREVIOUS FINDINGS FROM U.S. TRIAL DEMONSTRATING A GOOD SAFETY PROFILE AND ROBUST INDUCTION OF ANTIBODY RESPONSES WITH A LONGER FOLLOW-UP PERIOD OF 85 DAYS.; Dec 14 (Reuters) - Alexion Pharmaceuticals Inc ::ALEXION PHARMACEUTICALS SAYS CO WILL BE REQUIRED TO MAKE PAYMENT TO ASTRAZENECA EQUAL TO $1.18 BILLION, IF DEAL TERMINATED IN CERTAIN CIRCUMSTANCES.ALEXION PHARMACEUTICALS SAYS CO TO PAY EQUAL TO $270 MILLION TO ASTRAZENECA, IF DEAL TERMINATED BECAUSE CO'S STOCKHOLDERS FAIL TO ADOPT MERGER AGREEMENT.ALEXION PHARMACEUTICALS SAYS ASTRAZENECA TO PAY TO ALEXION EQUAL TO $1.415 BILLION IF DEAL IS TERMINATED IN CERTAIN CIRCUMSTANCES - SEC FILING.",0,0,1,1,0,1,0,1,"",0,"",0,"",0,"BioNTech And Pfizer: Additional Data From Phase 1/2 Trial With Bnt162b2; Moderna Confirms Supply Agreement With The Ministry Of Health To Supply Singapore With mRNA Vaccine Against COVID-19; BioNTech And Pfizer: Additional Data From Phase 1/2 Trial With Bnt162b2; Alexion Pharmaceuticals Says Co Will Pay Equal To $1.18 Bln To Astrazeneca, If Deal Terminated In Certain Circumstances",1,"",0,"",0,"",0
40,"2020-12-16","Biontech And Fosun Pharma To Supply China With MRNA-Based COVID-19 Vaccine; FDA Says Pfizer Vaccine Vials Hold Extra Doses, Expanding Supply - Politico; Shanghai Fosun Pharmaceutical Enters Supply Deal With BioNtech To Supply COVID-19 Vaccine in China; FDA Says Pfizer Vaccine Vials Hold Extra Doses, Expanding Supply - Politico","Business Deals, Products; Products; Products, Regulatory; Products","Dec 16 (Reuters) - BIONTECH SE ::BIONTECH AND FOSUN PHARMA TO SUPPLY CHINA WITH MRNA-BASED COVID-19 VACCINE.SUPPLY AGREEMENT REFLECTS BOTH COMPANIES' SHARED COMMITMENT AND EFFORTS TO ACHIEVE VACCINE ACCESSIBILITY AND AFFORDABILITY IN CHINA.LOCAL PHASE 2 CLINICAL TRIAL OF MRNA COVID-19 VACCINE CANDIDATE BNT162B2 IS ON-GOING IN JIANGSU, CHINA.; Dec 16 (Reuters) - :FDA SAYS PFIZER VACCINE VIALS HOLD EXTRA DOSES, EXPANDING SUPPLY - POLITICO.FDA SPOKESPERSON SAYS ""GIVEN THE PUBLIC HEALTH EMERGENCY, FDA IS ADVISING THAT IT IS ACCEPTABLE TO USE EVERY FULL DOSE OBTAINABLE"" - POLITICO.PHARMACISTS HAVE FOUND WAY TO SQUEEZE EXTRA DOSES OUT OF VIALS OF PFIZER'S VACCINE, POTENTIALLY EXPANDING NATION'S SCARCE SUPPLY BY UPTO 40%- POLITICO.; Dec 16 (Reuters) - Shanghai Fosun Pharmaceutical Group Co Ltd ::BIONTECH AND FOSUN PHARMACEUTICAL INDUSTRIAL ENTERED INTO AMENDMENT AGREEMENT NO. 1 TO LICENSE AGREEMENT.BIONTECH MANUFACTURING GMBH, FOSUN PHARMACEUTICAL INDUSTRIAL, BIONTECH ENTERED SUPPLY AGREEMENT FOR CORONAVIRUS VACCINE IN PRC.FOSUN PHARMACEUTICAL INDUSTRIAL & BIONTECH ENTITLED TO SHARE PROFIT AT 65% & 35% OF ANNUAL GROSS PROFIT FOR VACCINE.FOR BULK DP, UNIT & BIONTECH TO SHARE OF PROFIT AT RATE OF 60% AND 40% OF ANNUAL GROSS PROFIT.BIONTECH MANUFACTURING TO SUPPLY NO LESS THAN 100 MILLION DOSES OF CORONAVIRUS VACCINE PRODUCT FOR CHINESE MAINLAND IN 2021.FOSUN PHARMACEUTICAL INDUSTRIAL TO PARTIALLY PAY BIONTECH FIRST ADVANCE PAYMENT OF EUR125 MILLION BEFORE 30 DEC.REMAINING FIRST ADVANCE PAYMENT OF EUR125 MILLION TO BE PAID AFTER RECEIPT OF MARKETING AUTHORISATION.; Dec 16 (Reuters) - :FDA SAYS PFIZER VACCINE VIALS HOLD EXTRA DOSES, EXPANDING SUPPLY - POLITICO.FDA SPOKESPERSON SAYS ""GIVEN THE PUBLIC HEALTH EMERGENCY, FDA IS ADVISING THAT IT IS ACCEPTABLE TO USE EVERY FULL DOSE OBTAINABLE"" - POLITICO.PHARMACISTS HAVE FOUND WAY TO SQUEEZE EXTRA DOSES OUT OF VIALS OF PFIZER'S VACCINE, POTENTIALLY EXPANDING NATION'S SCARCE SUPPLY BY UPTO 40%- POLITICO.",0,0,0,0,0,1,0,1,"",0,"",0,"",0,"",0,"",0,"",0,"",0
41,"2020-12-22","Astrazeneca, Amgen Say Asthma Trial Did Not Meet Primary Endpoint; Janssen Announces Health Canada Approval Of Darzalex Combination Regimen For Newly Diagnosed, Transplant-Eligible Patients With Multiple Myeloma; Amgen Says Source Phase 3 Trial For Tezepelumab Did Not Meet Primary Endpoint","Regulatory; Regulatory; Products, Regulatory","Dec 22 (Reuters) - AstraZeneca PLC ::UPDATE ON SOURCE PHASE III TRIAL FOR TEZEPELUMAB IN PATIENTS WITH SEVERE, ORAL CORTICOSTEROID-DEPENDENT ASTHMA.ASTRAZENECA - 48-WEEK TRIAL DID NOT MEET PRIMARY ENDPOINT OF A STATISTICALLY SIGNIFICANT REDUCTION IN DAILY OCS DOSE.ASTRAZENECA - TEZEPELUMAB'S EFFECT ON OTHER EFFICACY PARAMETERS WAS SIMILAR TO THOSE OBSERVED IN PREVIOUS TRIALS.ASTRAZENECA - SAFETY PROFILE OF TEZEPELUMAB IN TRIAL WAS CONSISTENT WITH PREVIOUS TRIALS.ASTRAZENECA - DETAILED RESULTS FROM SOURCE TRIAL WILL BE PRESENTED AT A FORTHCOMING MEDICAL MEETING.; Dec 22 (Reuters) - Johnson & Johnson ::JANSSEN ANNOUNCES HEALTH CANADA APPROVAL OF DARZALEX®* COMBINATION REGIMEN FOR NEWLY DIAGNOSED, TRANSPLANT-ELIGIBLE PATIENTS WITH MULTIPLE MYELOMA.JANSSEN PHARMACEUTICAL - HEALTH CANADA APPROVED DARZALEX COMBINATION REGIMEN FOR NEWLY DIAGNOSED MULTIPLE MYELOMA PATIENTS ELIGIBLE FOR ASCT.; Dec 22 (Reuters) - Amgen Inc ::UPDATE ON SOURCE PHASE 3 TRIAL FOR TEZEPELUMAB IN PATIENTS WITH SEVERE, ORAL CORTICOSTEROID-DEPENDENT ASTHMA.SAFETY PROFILE OF TEZEPELUMAB IN TRIAL WAS CONSISTENT WITH PREVIOUS TRIALS.DETAILED RESULTS FROM SOURCE TRIAL WILL BE PRESENTED AT A FUTURE MEDICAL MEETING.SOURCE TRIAL DID NOT MEET PRIMARY ENDPOINT.AMGEN - TEZEPELUMAB'S EFFECT ON OTHER EFFICACY PARAMETERS WAS SIMILAR TO THOSE IN PREVIOUS STUDIES, INCLUDING REGISTRATIONAL PHASE 3 NAVIGATOR STUDY.",1,0,0,1,0,0,0,0,"",0,"Astrazeneca, Amgen Say Asthma Trial Did Not Meet Primary Endpoint; Janssen Announces Health Canada Approval Of Darzalex Combination Regimen For Newly Diagnosed, Transplant-Eligible Patients With Multiple Myeloma; Amgen Says Source Phase 3 Trial For Tezepelumab Did Not Meet Primary Endpoint",1,"",0,"",0,"",0,"",0,"",0
42,"2020-12-28","Lorbrena® (Lorlatinib) SNDA In Previously Untreated Alk-Positive Lung Cancer Accepted For Priority Review By FDA; Myovant Sciences And Pfizer Announce Collaboration To Develop And Commercialize Relugolix; Merck Announces Three New Approvals For Lynparza In Japan","Products; Strategic Combinations, Mergers / Acquisitions; Regulatory","Dec 28 (Reuters) - Pfizer Inc ::LORBRENA® (LORLATINIB) SNDA IN PREVIOUSLY UNTREATED ALK-POSITIVE LUNG CANCER ACCEPTED FOR PRIORITY REVIEW BY U.S. FDA.PFIZER INC - PRESCRIPTION DRUG USER FEE ACT (PDUFA) GOAL DATE FOR A DECISION BY FDA IS IN APRIL 2021.PFIZER INC - SUPPLEMENTAL NEW DRUG APPLICATION FOR LORBRENA BEING REVIEWED UNDER FDA REAL-TIME ONCOLOGY REVIEW (RTOR) AND PROJECT ORBIS PILOT PROGRAMS.PFIZER INC - FDA ALSO WILL CONDUCT REVIEW UNDER PROJECT ORBIS.; Dec 28 (Reuters) - Myovant Sciences Ltd ::MYOVANT SCIENCES AND PFIZER ANNOUNCE COLLABORATION TO DEVELOP AND COMMERCIALIZE RELUGOLIX IN ONCOLOGY AND WOMEN’S HEALTH.MYOVANT SCIENCES LTD - MYOVANT TO RECEIVE AN UPFRONT PAYMENT OF $650 MILLION.MYOVANT SCIENCES LTD - DEAL INCLUDES POTENTIAL REGULATORY AND SALES MILESTONES FOR A TOTAL PAYMENT OF UP TO $4.2 BILLION.MYOVANT SCIENCES - PFIZER WILL GET EXCLUSIVE OPTION TO COMMERCIALIZE RELUGOLIX IN ONCOLOGY OUTSIDE U.S. & CANADA, EXCLUDING CERTAIN ASIAN COUNTRIES.MYOVANT - CO, PFIZER TO JOINTLY DEVELOP AND COMMERCIALIZE ORGOVYX AND RELUGOLIX COMBINATION TABLET AND SHARE PROFITS AND EXPENSES IN U.S. AND CANADA.MYOVANT SCIENCES LTD - CO, PFIZER WILL BEGIN CO-PROMOTING ORGOVYX FOR ADVANCED PROSTATE CANCER IN EARLY 2021.; Dec 28 (Reuters) - Merck & Co Inc ::LYNPARZA® (OLAPARIB) RECEIVES THREE NEW APPROVALS IN JAPAN.MERCK & CO INC - LYNPARZA APPROVED IN JAPAN FOR TREATMENT OF OVARIAN, PROSTATE AND PANCREATIC CANCER.",0,0,0,1,0,1,0,0,"Lorbrena® (Lorlatinib) SNDA In Previously Untreated Alk-Positive Lung Cancer Accepted For Priority Review By FDA; Myovant Sciences And Pfizer Announce Collaboration To Develop And Commercialize Relugolix; Merck Announces Three New Approvals For Lynparza In Japan",1,"Lorbrena® (Lorlatinib) SNDA In Previously Untreated Alk-Positive Lung Cancer Accepted For Priority Review By FDA; Myovant Sciences And Pfizer Announce Collaboration To Develop And Commercialize Relugolix; Merck Announces Three New Approvals For Lynparza In Japan",1,"",0,"Lorbrena® (Lorlatinib) SNDA In Previously Untreated Alk-Positive Lung Cancer Accepted For Priority Review By FDA; Myovant Sciences And Pfizer Announce Collaboration To Develop And Commercialize Relugolix; Merck Announces Three New Approvals For Lynparza In Japan",1,"",0,"",0,"",0
43,"2020-12-31","WHO Says Pfizer/BioNTech COVID-19 Vaccine Today Became First Vaccine To Receive WHO Validation For Emergency Use - Tweet; WHO Says Pfizer/BioNTech COVID-19 Vaccine Today Became First Vaccine To Receive WHO Validation For Emergency Use - Tweet; Pfizer Questions UK Move To Lengthen Gap Between Covid Vaccine Doses - FT","Community; Community; Community","Dec 31 (Reuters) - :WHO SAYS PFIZER/BIONTECH COVID-19 VACCINE TODAY BECAME FIRST VACCINE TO RECEIVE WHO VALIDATION FOR EMERGENCY USE - TWEET.; Dec 31 (Reuters) - :WHO SAYS PFIZER/BIONTECH COVID-19 VACCINE TODAY BECAME FIRST VACCINE TO RECEIVE WHO VALIDATION FOR EMERGENCY USE - TWEET.; Dec 31 (Reuters) - :PFIZER QUESTIONS UK MOVE TO LENGTHEN GAP BETWEEN COVID VACCINE DOSES - FT.PFIZER ON UK MOVE TO LENGTHEN GAP BETWEEN COVID VACCINE DOSES SAYS ""SAFETY& EFFICACY OF VACCINE NOT BEEN EVALUATED ON DIFFERENT DOSING SCHEDULES""- FT.",0,0,0,0,0,1,0,1,"",0,"",0,"",0,"",0,"",0,"",0,"",0
44,"2021-01-12","EMA Gets Application For Conditional Marketing Authorisation For AstraZeneca Vaccine; GSK, Vir Biotechnology Announce Study To Evaluate Vir-7832 In Early Treatment Of COVID-19; Alexion Pharmaceuticals Says Expects To Exceed High End Of 2020 Revenue Guidance; Vir Biotechnology, GSK Announce NHS-Supported Agile Study To Evaluate VIR-7832 In Early Treatment Of COVID-19; Sanofi To Name New European API Business Euroapi; Moderna Says Based On Available Evidence To Date, Vaccine Immunity Should Last At Least A Year- JPM Conf. Call","Regulatory; Products, Strategic Combinations, Regulatory; Other Pre-Announcement; Community; Officer Changes, Equity Financing / Related, Initial Public Offerings; Other Pre-Announcement","Jan 12 (Reuters) - European Medicines Agency: :EMA SAYS RECEIVED AN APPLICATION FOR CONDITIONAL MARKETING AUTHORISATION (CMA) FOR A COVID-19 VACCINE DEVELOPED BY ASTRAZENECA AND OXFORD UNIVERSITY.ASSESSMENT OF THE VACCINE, KNOWN AS COVID-19 VACCINE ASTRAZENECA, WILL PROCEED UNDER AN ACCELERATED TIMELINE.ASSESSMENT OF VACCINE, KNOWN AS COVID-19 VACCINE ASTRAZENECA, WILL PROCEED UNDER AN ACCELERATED TIMELINE.EMA SAYS AN OPINION ON MARKETING AUTHORISATION COULD BE ISSUED BY 29 JANUARY DURING MEETING OF EMA'S SCIENTIFIC COMMITTEE FOR HUMAN MEDICINES (CHMP).ADDITIONAL SCIENTIFIC INFO ON ISSUES RELATED TO QUALITY, SAFETY, EFFICACY OF VACCINE PROVIDED BY ASTRAZENECA AT REQUEST OF CHMP, CURRENTLY BEING ASSESSED.; Jan 12 (Reuters) - GlaxoSmithKline PLC ::VIR BIOTECHNOLOGY AND GSK ANNOUNCE NHS-SUPPORTED AGILE STUDY TO EVALUATE VIR-7832 IN EARLY TREATMENT OF COVID-19.GSK - CO, VIR ANNOUNCED AGREEMENT WITH AGILE INITIATIVE TO EVALUATE VIR-7832 IN PATIENTS WITH MILD TO MODERATE COVID-19 IN PHASE 1B/2A CLINICAL TRIAL.GSK - TRIAL TARGETED TO BEGIN IN 1Q2021 AT MULTIPLE SITES ACROSS THE UK.GSK - VIR-7832 IS SET TO BECOME SECOND MONOCLONAL ANTIBODY FROM VIR-GSK COLLABORATION TO BE INVESTIGATED AS A POTENTIAL COVID-19 TREATMENT.GSK - FIRST ANTIBODY, VIR-7831, IS CURRENTLY BEING INVESTIGATED IN TWO GLOBAL PHASE 3 STUDIES.; Jan 12 (Reuters) - Alexion Pharmaceuticals Inc ::EXPECTS TO EXCEED HIGH END OF 2020 REVENUE GUIDANCE, GIVEN AT Q3 2020 RESULTS, OF $5.9-$5.95 BILLION.EXPECT ASTRAZENECA DEAL TO CLOSE IN Q3 OF 2021..FY2020 REVENUE VIEW $5.99 BILLION -- REFINITIV IBES DATA.; Jan 12 (Reuters) - Vir Biotechnology Inc ::VIR BIOTECHNOLOGY AND GSK ANNOUNCE NHS-SUPPORTED AGILE STUDY TO EVALUATE VIR-7832 IN THE EARLY TREATMENT OF COVID-19.TRIAL TARGETED TO BEGIN IN 1Q:2021 AT MULTIPLE SITES ACROSS THE UK.; Jan 12 (Reuters) - Sanofi SA ::REG-SANOFI UNVEILS EUROAPI AS THE NAME OF THE NEW INDUSTRY LEADING EUROPEAN API* COMPANY AND APPOINTS KARL ROTTHIER AS ITS FUTURE CHIEF EXECUTIVE OFFICER.AN IPO ON EURONEXT PARIS WILL BE EVALUATED FOR 2022 - SUBJECT TO MARKET CONDITIONS.KARL ROTTHIER JOINS SANOFI AS EUROAPI CHIEF EXECUTIVE OFFICER AND FURTHER LEAD CREATION OF THIS NEW EUROPE-BASED INDUSTRY CHAMPION.; Jan 11 (Reuters) - Moderna Inc ::CEO SAYS EXPECTS 2021 POTENTIAL REVENUES OF $11.7 BILLION IF PRODUCTS ARE DELIVERED IN THIS YEAR- JPM CONF. CALL.CEO SAYS EXPECTS TO DELIVER 600 MILLION DOSES OF ITS COVID-19 VACCINE IN 2021- JPM CONF. CALL.CEO SAYS IS VERY COMFORTABLE TO ACHIEVE UP TO 1 BILLION DOSES OF ITS COVID-19 VACCINE IN 2021- JPM CONF. CALL.EXECUTIVE SAYS MODERNA'S TECHNOLOGY IS VERY WELL SUITED TO RAPIDLY DEPLOY A VACCINE BASED ON THE NEW VARIANT- JPM CONF. CALL.SAYS BASED ON AVAILABLE EVIDENCE TO DATE, VACCINE IMMUNITY SHOULD LAST AT LEAST A YEAR- JPM CONF. CALL.Further company coverage: . ((Reuters.Briefs@thomsonreuters.c",0,1,1,1,0,0,1,0,"",0,"",0,"",0,"",0,"",0,"",0,"EMA Gets Application For Conditional Marketing Authorisation For AstraZeneca Vaccine; GSK, Vir Biotechnology Announce Study To Evaluate Vir-7832 In Early Treatment Of COVID-19; Alexion Pharmaceuticals Says Expects To Exceed High End Of 2020 Revenue Guidance; Vir Biotechnology, GSK Announce NHS-Supported Agile Study To Evaluate VIR-7832 In Early Treatment Of COVID-19; Sanofi To Name New European API Business Euroapi; Moderna Says Based On Available Evidence To Date, Vaccine Immunity Should Last At Least A Year- JPM Conf. Call",1
45,"2021-01-29","European Commission Says Contract Between European Commission And AstraZeneca Now Published; Astrazeneca Says Co's Covid-19 Vaccine Been Granted Conditional Marketing Authorisation In European Union; EMA Says Safety Data Collected On Comirnaty Use Consistent With Known Safety Profile Of Vaccine; EMA Says Safety Data Collected On Comirnaty Use Consistent With Known Safety Profile Of Vaccine; Niaid Says Janssen Investigational Covid-19 Vaccine Interim Analysis Of Phase 3 Clinical Data Released; Moderna Said To Seek FDA Clearance To Increase Doses Per Vial To Alleviate Manufacturing Bottleneck- CNBC; EMA Recommends Granting Conditional Marketing Authorisation For AstraZeneca's Covid-19 Vaccine","Products, Regulatory; Regulatory; Regulatory; Regulatory; Regulatory; Products; Regulatory","Jan 29 (Reuters) - European Commission: :EUROPEAN COMMISSION - CONTRACT BETWEEN EUROPEAN COMMISSION AND ASTRAZENECA NOW PUBLISHED.EUROPEAN COMMISSION - ASTRAZENECA HAS AGREED TO PUBLISH THE REDACTED CONTRACT SIGNED BETWEEN THE TWO PARTIES ON 27 AUGUST 2020.EUROPEAN COMMISSION - THE COMMISSION HOPES TO BE ABLE TO PUBLISH ALL CONTRACTS UNDER THE ADVANCE PURCHASE AGREEMENTS IN THE NEAR FUTURE..EUROPEAN COMMISSION - CONTRACT PUBLISHED TODAY CONTAINS REDACTED PARTS PERTAINING TO CONFIDENTIAL INFORMATION SUCH AS DETAILS OF INVOICES..EUROPEAN COMMISSION - ASTRAZENECA CONTRACT IS SECOND ONE TO BE PUBLISHED, AFTER CUREVAC AGREED TO PUBLISH ADVANCE PURCHASE AGREEMENT WITH COMMISSION.; Jan 29 (Reuters) - AstraZeneca PLC ::CO'S COVID-19 VACCINE BEEN GRANTED CONDITIONAL MARKETING AUTHORISATION IN EUROPEAN UNION FOR ACTIVE IMMUNISATION.WORKING WITH EU FOLLOWING APPROVAL OF A CMA FOR ACTIVE IMMUNISATION TO BEGIN ACROSS MEMBER STATES.SEEKING EMERGENCY USE LISTING FROM WORLD HEALTH ORGANIZATION FOR ACCELERATED VACCINE AVAILABILITY IN LOW-INCOME COUNTRIES.ADDITIONAL SAFETY & EFFICACY DATA FOR VACCINE TO CONTINUE TO ACCUMULATE FROM ONGOING TRIALS; EXPECTED TO BE PUBLISHED IN COMING WEEKS.ASTRAZENECA IS CONDUCTING A LARGE TRIAL IN US AND GLOBALLY.OXFORD UNIVERSITY AND ASTRAZENECA EXPECT TO ENROL UP TO 60,000 PARTICIPANTS GLOBALLY.; Jan 29 (Reuters) - European Medicines Agency (EMA)::SAYS FIRST COVID-19 VACCINE SAFETY UPDATE PUBLISHED.HAS RELEASED ITS FIRST SAFETY UPDATE ON A COVID-19 VACCINE — COMIRNATY.WILL PUBLISH MONTHLY SAFETY UPDATES FOR ALL AUTHORISED COVID-19 VACCINES, IN LINE WITH EXCEPTIONAL TRANSPARENCY MEASURES FOR COVID-19 .SAFETY DATA COLLECTED ON COMIRNATY USE IN VACCINATION CAMPAIGNS CONSISTENT WITH KNOWN SAFETY PROFILE OF VACCINE; NO NEW SIDE EFFECTS IDENTIFIED.; Jan 29 (Reuters) - European Medicines Agency (EMA)::SAYS FIRST COVID-19 VACCINE SAFETY UPDATE PUBLISHED.HAS RELEASED ITS FIRST SAFETY UPDATE ON A COVID-19 VACCINE — COMIRNATY.WILL PUBLISH MONTHLY SAFETY UPDATES FOR ALL AUTHORISED COVID-19 VACCINES, IN LINE WITH EXCEPTIONAL TRANSPARENCY MEASURES FOR COVID-19 .SAFETY DATA COLLECTED ON COMIRNATY USE IN VACCINATION CAMPAIGNS CONSISTENT WITH KNOWN SAFETY PROFILE OF VACCINE; NO NEW SIDE EFFECTS IDENTIFIED.; Jan 29 (Reuters) - Johnson & Johnson ::NIAID SAYS JANSSEN INVESTIGATIONAL COVID-19 VACCINE: INTERIM ANALYSIS OF PHASE 3 CLINICAL DATA RELEASED.NIAID - NO DEATHS RELATED TO COVID-19 WERE REPORTED IN THE VACCINE GROUP, WHILE 5 DEATHS OCCURRED IN THE PLACEBO GROUP WERE RELATED TO COVID 19.NIAID - FOR JANSSEN INVESTIGATIONAL COVID-19 VACCINE STUDY, THERE WERE 16 DEATHS IN PLACEBO GROUP, 3 DEATHS IN THE VACCINE GROUP.; Jan 29 (Reuters) - :MODERNA SAID TO SEEK FDA CLEARANCE TO INCREASE DOSES PER VIAL TO ALLEVIATE MANUFACTURING BOTTLENECK-; Jan 29 (Reuters) - European Medicines Agency (EMA)::EMA HAS RECOMMENDED GRANTING A CONDITIONAL MARKETING AUTHORISATION FOR COVID-19 VACCINE ASTRAZENECA.RECOMMENDED GRANTING A CONDITIONAL MARKETING AUTHORISATION FOR COVID-19 VACCINE ASTRAZENECA TO PREVENT COVID-19 IN PEOPLE FROM 18 YEARS OF AGE.EMA'S SCIENTIFIC EXPERTS CONSIDERED THAT THE VACCINE CAN BE USED IN OLDER ADULTS.",1,0,1,1,0,1,0,0,"",0,"",0,"",0,"",0,"",0,"",0,"European Commission Says Contract Between European Commission And AstraZeneca Now Published; Astrazeneca Says Co's Covid-19 Vaccine Been Granted Conditional Marketing Authorisation In European Union; EMA Says Safety Data Collected On Comirnaty Use Consistent With Known Safety Profile Of Vaccine; EMA Says Safety Data Collected On Comirnaty Use Consistent With Known Safety Profile Of Vaccine; Niaid Says Janssen Investigational Covid-19 Vaccine Interim Analysis Of Phase 3 Clinical Data Released; Moderna Said To Seek FDA Clearance To Increase Doses Per Vial To Alleviate Manufacturing Bottleneck- CNBC; EMA Recommends Granting Conditional Marketing Authorisation For AstraZeneca's Covid-19 Vaccine",1
46,"2021-02-03","Swiss Sign Three More COVID-19 Vaccine Contracts; GlaxoSmithKline, CureVac Partner On Next-Generation Covid-19 Vaccines; Swiss Sign Three More COVID-19 Vaccine Contracts; EMA Starts Rolling Review Of Novavax's COVID-19 Vaccine; Curevac To Develop Next Generation MRNA COVID-19 Vaccines With GSK; Swissmedic Says With Regard To Astrazeneca Vaccine, Data Submitted And Analysed So Far Are Not Yet Sufficient To Permit Authorisation; GSK Sees 2022 Aggregate Distributions Lower Than At Present","Products, Business Deals; Strategic Combinations, Mergers / Acquisitions; Products, Business Deals; Regulatory; Strategic Combinations; Regulatory; Other Pre-Announcement, Mergers / Acquisitions","Feb 3 (Reuters) - Swiss government::HAS SIGNED AGREEMENT WITH CUREVAC AND SWEDISH GOVERNMENT FOR DELIVERY OF 5 MILLION VACCINE DOSES.HAS ALSO SIGNED A PRELIMINARY AGREEMENT WITH NOVAVAX FOR 6 MILLION VACCINE DOSES.HAS SECURED A FURTHER 6 MILLION VACCINE DOSES FROM MODERNA.CONTRACT WITH CUREVAC IS BASED ON THE DELIVERY AGREEMENT BETWEEN THE EUROPEAN COMMISSION AND THE COMPANY.SWEDEN WILL ORDER THE DOSES FOR THE EFTA STATES OF NORWAY, ICELAND AND SWITZERLAND THAT ARE NOT MEMBERS OF THE EU.STILL IN NEGOTIATIONS WITH VARIOUS VACCINE MANUFACTURERS.; Feb 3 (Reuters) - GlaxoSmithKline Plc ::GSK/CUREVAC PARTNER ON NEW MRNA COVID-19 VACCINES.CO, CUREVAC N.V. TODAY ANNOUNCED A NEW EUR 150M COLLABORATION.GSK WILL ALSO SUPPORT MANUFACTURE OF UP TO 100 MILLION DOSES OF CUREVAC'S FIRST GENERATION COVID-19 VACCINE CVNCOV IN 2021.COMPANIES AIM TO DEVELOP A MULTI-VALENT CANDIDATE VACCINE TO ADDRESS EMERGING VARIANTS FOR PANDEMIC AND ENDEMIC USE.GSK AND CUREVAC TO DEVELOP NEXT GENERATION MRNA COVID-19 VACCINES.DEVELOPMENT TO BEGIN IMMEDIATELY TARGETING VACCINE AVAILABILITY IN 2022, SUBJECT TO REGULATORY APPROVAL.GSK WILL ALSO SUPPORT MANUFACTURE OF UP TO 100 MILLION DOSES OF CUREVAC'S FIRST GENERATION COVID-19 VACCINE CVNCOV IN 2021.GSK WILL ALSO SUPPORT MANUFACTURE OF CUREVAC'S FIRST-GENERATION COVID-19 VACCINE CANDIDATE CVNCOV WHICH IS CURRENTLY IN PHASE 2B/3 TRIALS.COLLABORATION WILL BUILD ON CUREVAC'S FIRST GENERATION COVID-19 VACCINE CANDIDATE CVNCOV.GSK AND CUREVAC WILL CONTRIBUTE RESOURCES AND EXPERTISE TO RESEARCH, DEVELOP, AND MANUFACTURE A NUMBER OF NOVEL MRNA VACCINE CANDIDATES.GSK WILL ALSO SUPPORT MANUFACTURE OF CUREVAC'S FIRST-GENERATION COVID-19 VACCINE CANDIDATE CVNCOV.UNDER TERMS OF NEW COLLABORATION AGREEMENT, GSK WILL BE MARKETING AUTHORISATION HOLDER FOR NEXT GENERATION VACCINE, EXCEPT IN SWITZERLAND.WILL HAVE EXCLUSIVE RIGHTS TO DEVELOP, MAKE, AND COMMERCIALISE NEXT GEN COVID-19 VACCINE IN ALL COUNTRIES EXCEPT GERMANY, AUSTRIA, SWITZERLAND.; Feb 3 (Reuters) - Swiss government::HAS SIGNED AGREEMENT WITH CUREVAC AND SWEDISH GOVERNMENT FOR DELIVERY OF 5 MILLION VACCINE DOSES.HAS ALSO SIGNED A PRELIMINARY AGREEMENT WITH NOVAVAX FOR 6 MILLION VACCINE DOSES.HAS SECURED A FURTHER 6 MILLION VACCINE DOSES FROM MODERNA.CONTRACT WITH CUREVAC IS BASED ON THE DELIVERY AGREEMENT BETWEEN THE EUROPEAN COMMISSION AND THE COMPANY.SWEDEN WILL ORDER THE DOSES FOR THE EFTA STATES OF NORWAY, ICELAND AND SWITZERLAND THAT ARE NOT MEMBERS OF THE EU.STILL IN NEGOTIATIONS WITH VARIOUS VACCINE MANUFACTURERS.; Feb 3 (Reuters) - European Medicines Agency (EMA)::EMA STARTS ROLLING REVIEW OF NOVAVAX’S COVID-19 VACCINE (NVX-COV2373).HUMAN MEDICINES COMMITTEE HAS STARTED A ROLLING REVIEW OF NVX-COV2373, A COVID‑19 VACCINE BEING DEVELOPED BY NOVAVAX.DECISION TO START REVIEW IS BASED ON PRELIMINARY RESULTS FROM LABORATORY STUDIES (NON-CLINICAL DATA) AND EARLY CLINICAL STUDIES IN ADULTS.ROLLING REVIEW OF NOVAVAX’S COVID-19 VACCINE WILL CONTINUE UNTIL ENOUGH EVIDENCE IS AVAILABLE FOR A FORMAL MARKETING AUTHORISATION APPLICATION.; Feb 3 (Reuters) - CUREVAC NV ::GSK AND CUREVAC TO DEVELOP NEXT GENERATION MRNA COVID-19 VACCINES.COMPANIES AIM TO DEVELOP A MULTI-VALENT CANDIDATE VACCINE TO ADDRESS EMERGING VARIANTS FOR PANDEMIC AND ENDEMIC USE.DEVELOPMENT TO BEGIN IMMEDIATELY TARGETING VACCINE AVAILABILITY IN 2022.GSK WILL ALSO SUPPORT MANUFACTURE OF UP TO 100 MILLION DOSES OF CUREVAC'S FIRST GENERATION COVID-19 VACCINE CVNCOV IN 2021.VOLUME OF GSK AND CUREVAC COLLABORATION EUR 150M.; Feb 3 (Reuters) - :SWISSMEDIC SAYS WITH REGARD TO ASTRAZENECA VACCINE, THE DATA SUBMITTED AND ANALYSED SO FAR ARE NOT YET SUFFICIENT TO PERMIT AUTHORISATION.; Feb 3 (Reuters) - GlaxoSmithKline PLC ::FINAL RESULTS.FY REVENUE 34.1 BILLION STG.FY EARNINGS PER SHARE ROSE 23 PERCENT TO 115.5 PENCE.2021 ADJUSTED EPS EXPECTED TO DECLINE BY A MID TO HIGH-SINGLE DIGIT PERCENTAGE IN CER.ON TRACK FOR SEPARATION INTO NEW STANDALONE BIOPHARMA AND CONSUMER HEALTHCARE COMPANIES IN 2022.DIVIDEND OF 23P/SHARE DECLARED FOR Q4 2020; 80P/SHARE FOR FY 2020.CONTINUE TO EXPECT MEANINGFUL IMPROVEMENT IN REVENUES AND MARGINS.2020 TARGETS MET WITH £0.3 BILLION ANNUAL COST SAVINGS AND £1.1 BILLION DIVESTMENT PROCEEDS ACHIEVED.DISTRIBUTION POLICY FOR NEW GSK TO BE IMPLEMENTED IN 2022 TO SUPPORT GROWTH AND INVESTMENT. AGGREGATE DISTRIBUTIONS EXPECTED TO BE LOWER THAN AT PRESENT.BIOPHARMA INVESTOR UPDATE IN JUNE TO SET OUT PROGRESS ON INNOVATION, COMMERCIAL EXECUTION, GROWTH OUTLOOK, CAPITAL ALLOCATION PRIORITIES.QTRLY TOTAL EPS WAS 13.6P.QTRLY VACCINES TURNOVER GREW 15% AER, 16% CER TO £2,012 MILLION, PRIMARILY DRIVEN BY DOUBLE-DIGIT GROWTH IN SHINGRIX.2022 OUTLOOK REMAINS UNCHANGED.NEW ENVIRONMENTAL TARGETS SET TO ACHIEVE NET ZERO IMPACT ON CLIMATE AND NET POSITIVE IMPACT ON NATURE BY 2030.PHARMACEUTICALS TURNOVER IN QUARTER WAS £4,366 MILLION, DOWN 4% AER, 3% CER.REPORTED CONSUMER HEALTHCARE SALES DECLINED 8% AER AND DECLINED 7% CER TO £2,360 MILLION IN QUARTER.IN A STRONG POSITION TO LAUNCH NEW COMPETITIVE, STANDALONE BIOPHARMA AND CONSUMER HEALTHCARE COMPANIES IN 2022.EXPECT STRONG RECOVERY AND CONTRIBUTION TO GROWTH FROM SHINGRIX IN SECOND HALF OF YEAR.",0,0,0,1,1,1,1,0,"",0,"",0,"",0,"Swiss Sign Three More COVID-19 Vaccine Contracts; GlaxoSmithKline, CureVac Partner On Next-Generation Covid-19 Vaccines; Swiss Sign Three More COVID-19 Vaccine Contracts; EMA Starts Rolling Review Of Novavax's COVID-19 Vaccine; Curevac To Develop Next Generation MRNA COVID-19 Vaccines With GSK; Swissmedic Says With Regard To Astrazeneca Vaccine, Data Submitted And Analysed So Far Are Not Yet Sufficient To Permit Authorisation; GSK Sees 2022 Aggregate Distributions Lower Than At Present",1,"",0,"",0,"Swiss Sign Three More COVID-19 Vaccine Contracts; GlaxoSmithKline, CureVac Partner On Next-Generation Covid-19 Vaccines; Swiss Sign Three More COVID-19 Vaccine Contracts; EMA Starts Rolling Review Of Novavax's COVID-19 Vaccine; Curevac To Develop Next Generation MRNA COVID-19 Vaccines With GSK; Swissmedic Says With Regard To Astrazeneca Vaccine, Data Submitted And Analysed So Far Are Not Yet Sufficient To Permit Authorisation; GSK Sees 2022 Aggregate Distributions Lower Than At Present",1
47,"2021-02-12","Sanofi Launches Recommended Cash Offer For Kiadis Shares; U.S. FDA Approves Panzyga For Treatment Of Adults With Chronic Inflammatory Demyelinating Polyneuropathy","Earnings Announcements, Mergers / Acquisitions, Equity Financing / Related; Products","Feb 12 (Reuters) - Kiadis Pharma NV ::REG-SANOFI LAUNCHES RECOMMENDED CASH OFFER FOR ALL SHARES IN KIADIS.ACCEPTANCE PERIOD FOR SANOFI'S OFFER RUNS FROM 15 FEBRUARY 2021 TO 12 APRIL 2021.SANOFI'S OFFER PRICE IS EUR 5.45 IN CASH (CUM DIVIDEND).OFFER PRICE REPRESENTS AN ATTRACTIVE PREMIUM OF 272% TO CLOSING PRICE PER SHARE ON 30 OCTOBER 2020.KIADIS' BOARDS UNANIMOUSLY SUPPORT AND RECOMMEND OFFER.IN TOTAL, APPROXIMATELY 36.6% OF ISSUED AND OUTSTANDING SHARES, HAVE BEEN IRREVOCABLY COMMITTED UNDER OFFER.; Feb 12 (Reuters) - Pfizer Inc ::U.S. FDA APPROVES PANZYGA® FOR THE TREATMENT OF ADULTS WITH CHRONIC INFLAMMATORY DEMYELINATING POLYNEUROPATHY (CIDP).PFIZER INC - PANZYGA CAN ALSO BE ADMINISTERED AT INFUSION RATES UP TO 12 MG/KG/MIN..",0,1,0,0,0,1,0,0,"",0,"",0,"",0,"Sanofi Launches Recommended Cash Offer For Kiadis Shares; U.S. FDA Approves Panzyga For Treatment Of Adults With Chronic Inflammatory Demyelinating Polyneuropathy",1,"",0,"",0,"",0
48,"2021-02-16","Pfizer Reports Passive Share Stake Of 7% In BioAtla As Of Dec. 31; AstraZeneca Says Enhertu Authorised In UK For Treatment Of HER2 Positive Metastatic Breast Cancer; Novadiscovery Raises 2.5 Million Euros In A Series A2 Financing From Sanofi; EMA Receives Application For Conditional Marketing Authorisation Of COVID-19 Vaccine Janssen; Moderna Provides U.S. COVID-19 Vaccine Supply Update","Equity Investments; Regulatory; Equity Financing / Related; Regulatory; Other Pre-Announcement","Feb 16 (Reuters) - Pfizer Inc ::PFIZER INC. REPORTS PASSIVE SHARE STAKE OF 7% IN BIOATLA INC AS OF DECEMBER 31, 2020 - SEC FILING.; Feb 16 (Reuters) - AstraZeneca ::ENHERTU (TRASTUZUMAB DERUXTECAN) AUTHORISED IN UK FOR TREATMENT OF HER2 POSITIVE METASTATIC BREAST CANCER.APPRAISALS OF TRASTUZUMAB DERUXTECAN BY NATIONAL INSTITUTE OF HEALTH AND CARE EXCELLENCE AND SCOTTISH MEDICINES CONSORTIUM UNDERWAY.NHS ACCESS DECISIONS ARE EXPECTED LATER IN 2021.; Feb 16 (Reuters) - NOVADISCOVERY::RAISES SERIES A2 FINANCING FROM SANOFI TO ADVANCE JINKO, ITS BEST-IN-CLASS CLINICAL TRIAL SIMULATION PLATFORM.RAISED EUR 2.5 MILLION IN A SERIES A2 FINANCING ROUND FROM SANOFI..TO DEVELOP COVID-19 DISEASE MODEL TO SUPPORT SANOFI'S VACCINE AND THERAPEUTIC EFFORTS.; Feb 16 (Reuters) - EMA::EMA RECEIVES APPLICATION FOR CONDITIONAL MARKETING AUTHORISATION OF COVID-19 VACCINE JANSSEN.EMA - HUMAN MEDICINES COMMITTEE (CHMP) WILL ASSESS THE VACCINE, KNOWN AS COVID-19 VACCINE JANSSEN, UNDER AN ACCELERATED TIMETABLE.EMA SAYS - THE AGENCY ALSO LOOKED AT CLINICAL SAFETY DATA ON THE VIRAL VECTOR USED IN THE COVID-19 VACCINE JANSSEN.; Feb 16 (Reuters) - Moderna Inc ::MODERNA PROVIDES U.S. COVID-19 VACCINE SUPPLY UPDATE.MODERNA INC - COMPANY HAS SUPPLIED 45.4 MILLION DOSES OF MODERNA COVID-19 VACCINE TO U.S. GOVERNMENT TO DATE.MODERNA INC - EXPECTS TO DELIVER 100 MILLION DOSES TO U.S. GOVERNMENT BY END OF MARCH 2021.MODERNA INC - CDC COMMUNICATED THAT APPROXIMATELY 25.5 MILLION DOSES OF MODERNA COVID-19 VACCINE HAVE BEEN ADMINISTERED IN U.S..MODERNA INC - ADDITIONAL 33.2 MILLION DOSES HAVE BEEN PRODUCED AND ARE FILLED IN VIALS AND IN FINAL STAGES OF FINAL PRODUCTION AND TESTING BEFORE RELEASE.MODERNA INC - EXPECTS TO DELIVER 100 MILLION DOSES TO U.S. GOVERNMENT BY END OF MARCH 2021.MODERNA INC - EXPECTS TO DELIVER 100 MILLION ADDITIONAL DOSES BY END OF MAY 2021 FOLLOWED BY ANOTHER 100 MILLION ADDITIONAL DOSES BY END OF JULY 2021.MODERNA INC - EXPECTS TO DELIVER 100 MILLION ADDITIONAL DOSES BY END OF MAY 2021 FOLLOWED BY ANOTHER 100 MILLION ADDITIONAL DOSES BY END OF JULY 2021.MODERNA INC - EXPECTS TO MEET COMMITMENT DATES TO U.S. GOVERNMENT FOR ALL CURRENTLY ORDERED DOSES OF MODERNA COVID-19 VACCINE.MODERNA INC - DELAYS ARE EXPECTED TO BE RESOLVED IN NEAR TERM AND ARE NOT EXPECTED TO IMPACT MONTHLY DELIVERY TARGETS.MODERNA INC - DOES NOT INTEND TO STOCKPILE SIGNIFICANT QUANTITIES TO SMOOTH SHIPMENTS; TO SHIP DOSES TO U.S. GOVERNMENT AS REL",1,1,1,1,0,1,0,0,"Pfizer Reports Passive Share Stake Of 7% In BioAtla As Of Dec. 31; AstraZeneca Says Enhertu Authorised In UK For Treatment Of HER2 Positive Metastatic Breast Cancer; Novadiscovery Raises 2.5 Million Euros In A Series A2 Financing From Sanofi; EMA Receives Application For Conditional Marketing Authorisation Of COVID-19 Vaccine Janssen; Moderna Provides U.S. COVID-19 Vaccine Supply Update",1,"",0,"",0,"",0,"",0,"",0,"Pfizer Reports Passive Share Stake Of 7% In BioAtla As Of Dec. 31; AstraZeneca Says Enhertu Authorised In UK For Treatment Of HER2 Positive Metastatic Breast Cancer; Novadiscovery Raises 2.5 Million Euros In A Series A2 Financing From Sanofi; EMA Receives Application For Conditional Marketing Authorisation Of COVID-19 Vaccine Janssen; Moderna Provides U.S. COVID-19 Vaccine Supply Update",1
49,"2021-02-22","Sanofi, GSK Start New Phase 2 Study Of Adjuvanted Recombinant Protein-Based COVID-19 Vaccine Candidate; Astrazeneca To Withdraw Imfinzi U.S. Indication For Advanced Bladder Cancer; Sanofi, GSK Start New Phase 2 Study Of Adjuvanted Recombinant Protein-Based COVID-19 Vaccine Candidate; Sanofi, GSK Initiate New Phase 2 Study Of Their COVID-19 Vaccine Candidate; Sanofi Says FDA Approves Libtayo For Patients With First-Line Advanced Non-Small Cell Lung Cancer; Sanofi, GSK Initiate New Phase 2 Study Of Their COVID-19 Vaccine Candidate","Products, Regulatory; Products, Regulatory, Other Pre-Announcement; Products, Regulatory; Products, Regulatory, Other Pre-Announcement; Products; Products, Regulatory, Other Pre-Announcement","Feb 22 (Reuters) - GlaxoSmithKline PLC ::GLAXOSMITHKLINE PLC - SANOFI AND GSK INITIATE NEW PHASE 2 STUDY.GSK - IN PARALLEL, DEVELOPMENT WORK ON NEW SARS-COV-2 VARIANTS UNDERWAY.GSK - NEW PHASE 2 STUDY ASSESSES POTENTIAL FOR REFINED ANTIGEN FORMULATION TO ACHIEVE OPTIMAL IMMUNE RESPONSE, INCLUDING IN OLDER ADULTS.GSK - IF RESULTS ARE POSITIVE, PHASE 3 STUDY TO START IN Q2 2021, WITH VACCINE EXPECTED TO BE AVAILABLE IN Q4 2021.GSK - DEVELOPMENT WORK ON NEW SARS-COV-2 VARIANTS UNDERWAY.GSK - SANOFI HAS COMMENCED DEVELOPMENT WORK AGAINST NEW VARIANTS WHICH WILL BE USED TO INFORM NEXT STAGES OF SANOFI/GSK DEVELOPMENT PROGRAMME..GSK - IN PARALLEL, DEVELOPMENT WORK ON NEW SARS-COV-2 VARIANTS UNDERWAY.; Feb 22 (Reuters) - AstraZeneca PLC ::ASTRAZENECA PLC - VOLUNTARY WITHDRAWAL IMFINZI US BLADDER INDICATION.ASTRAZENECA - DECISION WAS MADE IN CONSULTATION WITH FOOD AND DRUG ADMINISTRATION.ASTRAZENECA - WITHDRAWAL DOES NOT IMPACT INDICATION OUTSIDE US.ASTRAZENECA - WITHDRAWAL IS ALIGNED WITH FDA GUIDANCE FOR EVALUATING INDICATIONS WITH ACCELERATED APPROVALS THAT DID NOT MEET POST-MARKETING REQUIREMENTS.ASTRAZENECA - HEALTHCARE PROVIDERS ARE BEING NOTIFIED OF THIS UPDATE.ASTRAZENECA - WITHDRAWAL DOES NOT IMPACT OTHER APPROVED IMFINZI INDICATIONS WITHIN OR OUTSIDE US.; Feb 22 (Reuters) - GlaxoSmithKline PLC ::GLAXOSMITHKLINE PLC - SANOFI AND GSK INITIATE NEW PHASE 2 STUDY.GSK - IN PARALLEL, DEVELOPMENT WORK ON NEW SARS-COV-2 VARIANTS UNDERWAY.GSK - NEW PHASE 2 STUDY ASSESSES POTENTIAL FOR REFINED ANTIGEN FORMULATION TO ACHIEVE OPTIMAL IMMUNE RESPONSE, INCLUDING IN OLDER ADULTS.GSK - IF RESULTS ARE POSITIVE, PHASE 3 STUDY TO START IN Q2 2021, WITH VACCINE EXPECTED TO BE AVAILABLE IN Q4 2021.GSK - DEVELOPMENT WORK ON NEW SARS-COV-2 VARIANTS UNDERWAY.GSK - SANOFI HAS COMMENCED DEVELOPMENT WORK AGAINST NEW VARIANTS WHICH WILL BE USED TO INFORM NEXT STAGES OF SANOFI/GSK DEVELOPMENT PROGRAMME..GSK - IN PARALLEL, DEVELOPMENT WORK ON NEW SARS-COV-2 VARIANTS UNDERWAY.; Feb 22 (Reuters) - Sanofi SA ::REG-SANOFI AND GSK INITIATE NEW PHASE 2 STUDY OF THEIR ADJUVANTED RECOMBINANT PROTEIN-BASED COVID-19 VACCINE CANDIDATE.NEW PHASE 2 STUDY ASSESSES POTENTIAL FOR REFINED ANTIGEN FORMULATION TO ACHIEVE OPTIMAL IMMUNE RESPONSE, INCLUDING IN OLDER ADULTS.IF RESULTS ARE POSITIVE, PHASE 3 STUDY TO START IN Q2 2021, WITH VACCINE EXPECTED TO BE AVAILABLE IN Q4 2021.IN PARALLEL, DEVELOPMENT WORK ON NEW SARS-COV-2 VARIANTS UNDERWAY.; Feb 22 (Reuters) - SANOFI SA ::FDA APPROVES LIBTAYO® (CEMIPLIMAB-RWLC) MONOTHERAPY FOR PATIENTS WITH FIRST-LINE ADVANCED NON-SMALL CELL LUNG CANCER WITH PD-L1 EXPRESSION OF ≥50%.THIS IS THIRD APPROVAL FOR LIBTAYO IN U.S..LIBTAYO WAS SUPERIOR IN EXTENDING OVERALL SURVIVAL COMPARED TO CHEMOTHERAPY IN A PIVOTAL TRIAL THAT ALLOWED FOR CERTAIN DISEASE CHARACTERISTICS FREQUENTLY UNDERREPRESENTED IN ADVANCED NSCLC TRIALS.; Feb 22 (Reuters) - Sanofi SA ::REG-SANOFI AND GSK INITIATE NEW PHASE 2 STUDY OF THEIR ADJUVANTED RECOMBINANT PROTEIN-BASED COVID-19 VACCINE CANDIDATE.NEW PHASE 2 STUDY ASSESSES POTENTIAL FOR REFINED ANTIGEN FORMULATION TO ACHIEVE OPTIMAL IMMUNE RESPONSE, INCLUDING IN OLDER ADULTS.IF RESULTS ARE POSITIVE, PHASE 3 STUDY TO START IN Q2 2021, WITH VACCINE EXPECTED TO BE AVAILABLE IN Q4 2021.IN PARALLEL, DEVELOPMENT WORK ON NEW SARS-COV-2 VARIANTS UNDERWAY.",0,1,0,1,0,0,1,0,"Sanofi, GSK Start New Phase 2 Study Of Adjuvanted Recombinant Protein-Based COVID-19 Vaccine Candidate; Astrazeneca To Withdraw Imfinzi U.S. Indication For Advanced Bladder Cancer; Sanofi, GSK Start New Phase 2 Study Of Adjuvanted Recombinant Protein-Based COVID-19 Vaccine Candidate; Sanofi, GSK Initiate New Phase 2 Study Of Their COVID-19 Vaccine Candidate; Sanofi Says FDA Approves Libtayo For Patients With First-Line Advanced Non-Small Cell Lung Cancer; Sanofi, GSK Initiate New Phase 2 Study Of Their COVID-19 Vaccine Candidate",1,"",0,"",0,"",0,"",0,"",0,"",0
50,"2021-02-25","Sanofi says CHMP recommends Sarclisa combination for multiple myeloma; Pfizer & Biontech Initiate A Study As Part Of Broad Development Plan To Evaluate Covid-19 Booster & New Vaccine Variants; Moderna Reports Fourth Quarter And Fiscal Year 2020 Results And Provides Business Updates; Pfizer & Biontech Initiate A Study As Part Of Broad Development Plan To Evaluate Covid-19 Booster & New Vaccine Variants","Regulatory; Regulatory; Other Pre-Announcement; Regulatory","Feb 26 (Reuters) - Sanofi SA ::SAYS THE EUROPEAN MEDICINES AGENCY'S COMMITTEE FOR MEDICINAL PRODUCTS FOR HUMAN USE (CHMP) RECOMMENDS APPROVAL OF SARCLISA® (ISATUXIMAB) IN COMBINATION WITH CARFILZOMIB AND DEXAMETHASONE FOR THE TREATMENT OF RELAPSED MULTIPLE MYELOMA.SAYS THE RECOMMENDATION IS BASED ON DATA FROM PHASE 3 IKEMA STUDY IN WHICH SARCLISA COMBINATION THERAPY DEMONSTRATED A STATISTICALLY SIGNIFICANT IMPROVEMENT OF PROGRESSION FREE SURVIVAL COMPARED TO STANDARD OF CARE CARFILZOMIB AND DEXAMETHASONE.SAYS CHMP ISSUES POSITIVE OPINION FOR SECOND INDICATION FOR SARCLISA IN COMBINATION WITH CARFILZOMIB AND DEXAMETHASONE FOR ADULT PATIENTS WITH MULTIPLE MYELOMA WHO HAVE RECEIVED AT LEAST ONE PRIOR THERAPY.Further company coverage: SASY.PA. (Paris Newsroom). ((Benoit.VanOverstraeten@thomsonreuters.com; +3314949 5339;)).; Feb 25 (Reuters) - PFIZER::PFIZER AND BIONTECH INITIATE A STUDY AS PART OF BROAD DEVELOPMENT PLAN TO EVALUATE COVID-19 BOOSTER & NEW VACCINE VARIANTS.PFIZER - STUDY WILL EVALUATE UPTO 144 PHASE 1 PARTICIPANTS IN 2 COHORTS, 18-55 & 65-85 YRS OF AGE.PFIZER - STUDY TO INCLUDE TRIAL PARTICIPANTS WHO GOT 2 DOSES IN PHASE 1 STUDY 6 TO 12 MONTHS AGO IN ORDER TO ASSESS BOOSTABILITY OF BNT162B2.PFIZER - TO STUDY A 3RD DOSE OF COVID-19 VACCINE, BNT162B2, AT 30 ΜCG GIVEN TO PHASE 1 PARTICIPANTS TO EVALUATE SAFETY, TOLERABILITY OF A BOOSTER VACCINE.PFIZER - IN DISCUSSIONS WITH REGULATORY AUTHORITIES REGARDING ADDITIONAL REGISTRATION ENABLING STUDY USING MRNA VACCINE WITH A VARIANT SEQUENCE.PFIZER - HAVEN'T OBSERVED CHANGES TO NEUTRALIZING ANTIBODY LEVELS THAT WOULD PREDICT SIGNIFICANT REDUCTION IN PROTECTION GIVEN BY 2 DOSES OF BNT162B2.PFIZER - HOPING TO PURSUE VALIDATION OF FUTURE MODIFIED MRNA VACCINES WITH REGULATORY PATHWAY SIMILAR TO THAT CURRENTLY IN PLACE FOR FLU VACCINES.PFIZER - HAVEN'T SEEN ANY EVIDENCE THAT CIRCULATING COVID-19 VARIANTS RESULT IN A LOSS OF PROTECTION PROVIDED BY OUR VACCINE.; Feb 25 (Reuters) - Moderna Inc ::MODERNA REPORTS FOURTH QUARTER AND FISCAL YEAR 2020 FINANCIAL RESULTS AND PROVIDES BUSINESS UPDATES.Q4 REVENUE $571 MILLION VERSUS $14 MILLION.Q4 REVENUE ESTIMATE $279.4 MILLION -- REFINITIV IBES DATA.MAKING NEW CAPITAL INVESTMENTS TO INCREASE CAPACITY UP TO 1.4 BILLION DOSES IN 2022.MODERNA - ESTABLISHED 8 COMMERCIAL SUBSIDIARIES IN 2020 IN NORTH AMERICA AND EUROPE AND PLANS TO EXPAND IN 2021 TO JAPAN, SOUTH KOREA AND AUSTRALIA.PLANS TO EXPAND IN 2021 TO JAPAN, SOUTH KOREA AND AUSTRALIA.QTRLY LOSS PER SHARE $0.69.MODERNA - CHIEF MEDICAL OFFICER (CMO), TAL ZAKS, M.D., PH.D., WILL BE LEAVING THE COMPANY IN LATE SEPTEMBER.MODERNA - RETAINED RUSSELL REYNOLDS TO RECRUIT FOR A NEW CMO.BELIEVE THAT 2021 WILL BE AN INFLECTION YEAR FOR MODERNA.Q4 EARNINGS PER SHARE VIEW $-0.35 -- REFINITIV IBES DATA.CASH, CASH EQUIVALENTS AND INVESTMENTS AS OF DECEMBER 31, 2020 AND 2019 WERE $5.25 BILLION AND $1.26 BILLION, RESPECTIVELY.MODERNA - FOR Q1 2021 RESEARCH AND DEVELOPMENT AND SG&A EXPENSES, EXPECT LOW DOUBLE-DIGIT PERCENT INCREASE VERSUS ADJUSTED FOURTH QUARTER 2020 RESULTS OF $0.5 BILLION.$350-400 MILLION OF CAPITAL INVESTMENTS CURRENTLY PLANNED FOR 2021.MODERNA SEES 2021 TAX RATE IN MID-TEEN % LEVEL DUE TO FORECASTED GLOBAL SALES MIX, UTILIZATION OF ACCUMULATED NET OPERATING LOSS CARRY-FORWARD OF $2.3 BILLION.MODERNA - WE ARE A CASH-FLOW GENERATING COMMERCIAL CO; Feb 25 (Reuters) - PFIZER::PFIZER AND BIONTECH INITIATE A STUDY AS PART OF BROAD DEVELOPMENT PLAN TO EVALUATE COVID-19 BOOSTER & NEW VACCINE VARIANTS.PFIZER - STUDY WILL EVALUATE UPTO 144 PHASE 1 PARTICIPANTS IN 2 COHORTS, 18-55 & 65-85 YRS OF AGE.PFIZER - STUDY TO INCLUDE TRIAL PARTICIPANTS WHO GOT 2 DOSES IN PHASE 1 STUDY 6 TO 12 MONTHS AGO IN ORDER TO ASSESS BOOSTABILITY OF BNT162B2.PFIZER - TO STUDY A 3RD DOSE OF COVID-19 VACCINE, BNT162B2, AT 30 ΜCG GIVEN TO PHASE 1 PARTICIPANTS TO EVALUATE SAFETY, TOLERABILITY OF A BOOSTER VACCINE.PFIZER - IN DISCUSSIONS WITH REGULATORY AUTHORITIES REGARDING ADDITIONAL REGISTRATION ENABLING STUDY USING MRNA VACCINE WITH A VARIANT SEQUENCE.PFIZER - HAVEN'T OBSERVED CHANGES TO NEUTRALIZING ANTIBODY LEVELS THAT WOULD PREDICT SIGNIFICANT REDUCTION IN PROTECTION GIVEN BY 2 DOSES OF BNT162B2.PFIZER - HOPING TO PURSUE VALIDATION OF FUTURE MODIFIED MRNA VACCINES WITH REGULATORY PATHWAY SIMILAR TO THAT CURRENTLY IN PLACE FOR FLU VACCINES.PFIZER - HAVEN'T SEEN ANY EVIDENCE THAT CIRCULATING COVID-19 VARIANTS RESULT IN A LOSS OF PROTECTION PROVIDED BY OUR VACCINE.",0,1,1,0,0,1,0,1,"",0,"",0,"",0,"",0,"",0,"",0,"",0
51,"2021-03-03","Health Canada Allows More Flexible Storage And Transportation Conditions For Pfizer-Biontech COVID-19 Vaccine; Mabion Signs Framework Deal With Novavax Regarding COVID-19 Vaccine Programme; Sanofi’s Board Of Directors Proposes Appointment Of Christian Brandts And Barbara Lavernos As Board Members; Health Canada Allows More Flexible Storage And Transportation Conditions For Pfizer-Biontech COVID-19 Vaccine","Regulatory; Strategic Combinations, Other Pre-Announcement; Officer Changes; Regulatory","March 3 (Reuters) - Health Canada::HEALTH CANADA ALLOWS MORE FLEXIBLE STORAGE AND TRANSPORTATION CONDITIONS FOR PFIZER-BIONTECH COVID-19 VACCINE.HEALTH CANADA- AUTHORIZED SUBMISSION FROM PFIZER-BIONTECH TO ALLOW ITS COVID-19 VACCINE TO BE STORED AND TRANSPORTED AT STANDARD FREEZER TEMPERATURES.HEALTH CANADA - VIALS STORED AT -25°C TO -15°C FOR UP TO 2 WEEKS MAY BE RETURNED ONE TIME TO RECOMMENDED STORAGE CONDITION OF -80°C TO -60°C.HEALTH CANADA - VIALS TRANSPORTED AT -25°C TO -15°C MAY BE RETURNED ONE TIME TO RECOMMENDED STORAGE CONDITION OF -80°C TO -60°C.HEALTH CANADA-DETERMINED PFIZER-BIONTECH COVID-19 VACCINE REMAINS STABLE WHEN TRANSPORTED & STORED AT STANDARD FREEZER TEMPERATURES FOR UP TO 2 WEEKS.; March 3 (Reuters) - Mabion SA ::SIGNS FRAMEWORK DEAL WITH US-BASED NOVAVAX.SAYS WILL CARRY OUT PRODUCTION PROCESS TECHNOLOGY TRANSFER FOR ANTIGEN OF COVID-19 VACCINE CANDIDATE NVX-COV2373.SAYS WILL ALSO CARRY OUT TECHNICAL TRIALS FOR COMMERCIAL SCALE PROCESS IN COMPANY'S PLANT.SEES COMPLETION OF TECHNOLOGY TRANSFER PROCESS AND VERIFICATION BY END OF H1.; March 3 (Reuters) - Sanofi SA ::SANOFI’S BOARD OF DIRECTORS PROPOSES THE APPOINTMENT OF CHRISTIAN BRANDTS AND BARBARA LAVERNOS AS BOARD MEMBERS.BOARD PROPOSES RATIFICATION OF APPOINTMENT BY COOPTATION OF GILLES SCHNEPP AND RENEWAL OF MANDATES OF FABIENNE LECORVAISIER AND MELANIE LEE.BERNARD CHARLÈS, WHOSE TERM OF OFFICE WILL EXPIRE AT END OF NEXT GENERAL SHAREHOLDER MEETING, DID NOT WISH TO STAND FOR RE-ELECTION IN ORDER TO AVOID CONFLICTS OF INTEREST THAT COULD ARISE FROM DEVELOPMENT OF PARTNERSHIP BETWEEN SANOFI AND DASSAULT SYSTEMES <<>>, WHICH HE MANAGES, WILL NOT BE RENEWED UPON HIS OWN REQUEST.LAURENT ATTAL, AFTER SERVING ON BOARD OF DIRECTORS FOR 9 YEARS, HAS DECLARED HIS INTENTION TO RETIRE AND AS A RESULT TO RESIGN FROM HIS MANDATE AS A BOARD MEMBER BEFORE THAT GENERAL MEETING.; March 3 (Reuters) - Health Canada::HEALTH CANADA ALLOWS MORE FLEXIBLE STORAGE AND TRANSPORTATION CONDITIONS FOR PFIZER-BIONTECH COVID-19 VACCINE.HEALTH CANADA- AUTHORIZED SUBMISSION FROM PFIZER-BIONTECH TO ALLOW ITS COVID-19 VACCINE TO BE STORED AND TRANSPORTED AT STANDARD FREEZER TEMPERATURES.HEALTH CANADA - VIALS STORED AT -25°C TO -15°C FOR UP TO 2 WEEKS MAY BE RETURNED ONE TIME TO RECOMMENDED STORAGE CONDITION OF -80°C TO -60°C.HEALTH CANADA - VIALS TRANSPORTED AT -25°C TO -15°C MAY BE RETURNED ONE TIME TO RECOMMENDED STORAGE CONDITION OF -80°C TO -60°C.HEALTH CANADA-DETERMINED PFIZER-BIONTECH COVID-19 VACCINE REMAINS STABLE WHEN TRANSPORTED & STORED AT STANDARD FREEZER TEMPERATURES FOR UP TO 2 WEEKS.",0,1,0,0,1,1,0,1,"",0,"",0,"",0,"",0,"",0,"",0,"",0
52,"2021-03-05","U.S. Centers For Disease Control Director Walensky Says New Report Shows That Increases In Daily Death Rates Slowed Significantly Within 20 Days Of Mask Mandates In Place; J&J Anticipates Fulfilling 10 Million Doses Included In Advance Purchase Agreement With The Government Of Canada By The End Of Q3 2021; U.S. Centers For Disease Control Director Walensky Says New Report Shows That Increases In Daily Death Rates Slowed Significantly Within 20 Days Of Mask Mandates In Place; Shine Justice Says Ethicon, Johnson & Johnson Mesh Appeal Dismissed; Moderna Says New Drug Application Submitted In Japan For COVID-19 Vaccine Candidate","Regulatory, Community; Regulatory; Regulatory, Community; Regulatory; Regulatory","March 5 (Reuters) - :WHITE HOUSE COVID ADVISER SLAVITT SAYS NEARLY 55% OF PEOPLE 65 AND OVER HAVE RECEIVED AT LEAST ONE VACCINE SHOT.WHITE HOUSE COVID ADVISER SLAVITT SAYS MORE THAN 82 MILLION VACCINE SHOTS HAVE BEEN ADMINISTERED IN U.S..U.S. CENTERS FOR DISEASE CONTROL DIRECTOR WALENSKY SAYS CDC GUIDANCE ON BEHAVIOR FOR PEOPLE WHO HAVE BEEN VACCINATED WILL BE RELEASED SOON.U.S. CENTERS FOR DISEASE CONTROL DIRECTOR WALENSKY SAYS THE CURRENT NUMBERS REMAIN CONCERNING.U.S. CENTERS FOR DISEASE CONTROL DIRECTOR WALENSKY SAYS NEW REPORT SHOWS THAT INCREASES IN DAILY DEATH RATES SLOWED SIGNIFICANTLY WITHIN 20 DAYS OF MASK MANDATES IN PLACE. (Reporting By Caroline Humer). ((caroline.humer@thomsonreuters.com;)).; March 5 (Reuters) - Johnson & Johnson ::ANTICIPATES FULFILLING 10 MILLION DOSES INCLUDED IN ADVANCE PURCHASE AGREEMENT WITH THE GOVERNMENT OF CANADA BY THE END OF Q3 2021.PLANS TO FILE FOR A NOTICE OF COMPLIANCE WITH HEALTH CANADA LATER IN 2021.BEEN WORKING TO DEVELOP AND ACTIVATE MANUFACTURING CAPABILITIES FOR COVID-19 VACCINE, WHICH WILL ENABLE US TO MEET 2021 SUPPLY COMMITMENTS.COVID-19 VACCINE SHOULD NOT BE RE-FROZEN IF DISTRIBUTED AT TEMPERATURES OF 2°-8°C.COVID-19 VACCINE ESTIMATED TO REMAIN STABLE FOR 2 YEARS AT -20°C & MAXIMUM OF 3 MONTHS AT ROUTINE REFRIGERATION AT TEMPERATURES OF 2°C TO 8°C.; March 5 (Reuters) - :WHITE HOUSE COVID ADVISER SLAVITT SAYS NEARLY 55% OF PEOPLE 65 AND OVER HAVE RECEIVED AT LEAST ONE VACCINE SHOT.WHITE HOUSE COVID ADVISER SLAVITT SAYS MORE THAN 82 MILLION VACCINE SHOTS HAVE BEEN ADMINISTERED IN U.S..U.S. CENTERS FOR DISEASE CONTROL DIRECTOR WALENSKY SAYS CDC GUIDANCE ON BEHAVIOR FOR PEOPLE WHO HAVE BEEN VACCINATED WILL BE RELEASED SOON.U.S. CENTERS FOR DISEASE CONTROL DIRECTOR WALENSKY SAYS THE CURRENT NUMBERS REMAIN CONCERNING.U.S. CENTERS FOR DISEASE CONTROL DIRECTOR WALENSKY SAYS NEW REPORT SHOWS THAT INCREASES IN DAILY DEATH RATES SLOWED SIGNIFICANTLY WITHIN 20 DAYS OF MASK MANDATES IN PLACE. (Reporting By Caroline Humer). ((caroline.humer@thomsonreuters.com;)).; March 5 (Reuters) - Shine Justice Ltd ::APPEAL BY ETHICON SÀRL, ETHICON INC, J&J AGAINST COURT DECISION IN FAVOUR OF KATHRYN GILL, DIANE DAWSON & ANN SANDERS DISMISSED.; March 5 (Reuters) - Moderna Inc ::MODERNA ANNOUNCES NEW DRUG APPLICATION SUBMITTED TO IMPORT AND DISTRIBUTE MODERNAÕS COVID-19 VACCINE CANDIDATE IN JAPAN.50 MILLION DOSES OF COVID-19 VACCINE CANDIDATE EXPECTED TO BE DISTRIBUTED BEGINNING IN H1, PENDING LICENSURE IN ",1,0,1,1,0,0,0,0,"",0,"",0,"",0,"",0,"",0,"",0,"",0
53,"2021-03-23","EU Drug Regulator Chief Says AstraZeneca Promised To Provide It With U.S. Trial Data; AstraZeneca Says Co To Engage With Independent Panel Of U.S. Trial Of Its COVID-19 Vaccine; Pfizer Goes It Alone To Expand Vaccine Business Beyond COVID-19 Pandemic - WSJ; Sanofi To Divest Anti-Inflammatory Drugs Portfolio To Fidia Farmaceutici; U.S. CDC Says Delivered 164,300,795 Doses Of Covid-19 Vaccine As Of March 23; TGA Says Melbourne-Manufactured Astrazeneca Vaccine Now Available; Ideaya Announces Dose Expansion In Study Of Ide196 And Binimetinib Combination In Metastatic Uveal Melanoma; Pfizer Initiates Phase 1 Study In U.S. Of Novel Oral Antiviral Therapeutic Agent Against Sars-Cov-2; U.S. CDC Says Delivered 164,300,795 Doses Of Covid-19 Vaccine As Of March 23; Pfizer Goes It Alone To Expand Vaccine Business Beyond COVID-19 Pandemic - WSJ","Regulatory; Regulatory; Products, Expansion; Divestitures / Spin-offs; Regulatory; Regulatory; Products; Products, Expansion; Regulatory; Products, Expansion","March 23 (Reuters) - EU Drug Regulator Chief: :EU DRUG REGULATOR CHIEF COOKE SAYS ASTRAZENECA HAS PROMISED TO PROVIDE US WITH U.S. TRIAL DATA AND WE WILL ADJUST OUR ASSESSMENT IF NEEDED.EU DRUG REGULATOR CHIEF COOKE SAYS IN DISCUSSIONS WITH COMPANY REPRESENTING SINOPHARM COVID-19 VACCINE.Further company coverage: AZN.L. ((Reuters.Briefs@thomsonreuters.com;)).; March 23 (Reuters) - AstraZeneca PLC ::UPDATE FOLLOWING STATEMENT BY NIAID ON AZD1222 US PHASE III TRIAL DATA.ASTRAZENECA - REVIEWED PRELIMINARY ASSESSMENT OF PRIMARY ANALYSIS AND RESULTS WERE CONSISTENT WITH INTERIM ANALYSIS..ASTRAZENECA - ARE NOW COMPLETING VALIDATION OF STATISTICAL ANALYSIS..ASTRAZENECA - WE ARE NOW COMPLETING VALIDATION OF STATISTICAL ANALYSIS..ASTRAZENECA - WILL IMMEDIATELY ENGAGE WITH INDEPENDENT DATA SAFETY MONITORING BOARD.ASTRAZENECA - WILL IMMEDIATELY ENGAGE WITH INDEPENDENT DATA SAFETY MONITORING BOARD (DSMB) TO SHARE OUR PRIMARY ANALYSIS WITH MOST UP TO DATE EFFICACY DATA.ASTRAZENECA - WILL IMMEDIATELY ENGAGE WITH INDEPENDENT DATA SAFETY MONITORING BOARD (DSMB) TO SHARE OUR PRIMARY ANALYSIS.ASTRAZENECA - INTEND TO ISSUE RESULTS OF PRIMARY ANALYSIS WITHIN 48 HOURS..ASTRAZENECA - NUMBERS PUBLISHED YESTERDAY WERE BASED ON A PRE-SPECIFIED INTERIM ANALYSIS WITH A DATA CUT-OFF OF 17 FEBRUARY.; March 23 (Reuters) - :PFIZER GOES IT ALONE TO EXPAND VACCINE BUSINESS BEYOND COVID-19 PANDEMIC - WSJ.PFIZER WILL DEVELOP NEW SHOTS USING TECHNOLOGY, CALLED MRNA, TO TARGET OTHER VIRUSES AND PATHOGENS BEYOND THE CORONAVIRUS - WSJ.PFIZER AND BIONTECH WILL CONTINUE TO COLLABORATE ON COVID-19 SHOTS- WSJ.PFIZER CEO SAYS ""WE LIKE WORKING WITH BIONTECH, BUT WE DON'T NEED TO WORK WITH BIONTECH"" - WSJ.PFIZER WOULD START MANUFACTURING SOME EXPERIMENTAL PRODUCTS BEFORE THEY PROVE TO WORK SAFELY, AS IT DID WITH COVID-19 VACCINE - WSJ.PFIZER WILL INCREASE RESEARCH AND DEVELOPMENT IN MRNA TECHNOLOGY, INCLUDING ADDING AT LEAST 50 EMPLOYEES WHOSE ASSIGNMENTS WILL INCLUDE MRNA - WSJ.; March 23(Reuters) - SANOFI ::CONCLUDED AGREEMENT TO DIVEST INTEGRATED PORTFOLIO OF ITS ANTI-INFLAMMATORY DRUGS TO FIDIA FARMACEUTICI.COMMERCIAL TERMS OF THE AGREEMENT WILL NOT BE DISCLOSED.; March 23 (Reuters) - U.S. CDC::U.S. CDC SAYS DELIVERED 164,300,795 DOSES OF COVID-19 VACCINE AS OF MARCH 23 VERSUS 156,734,555 DOSES AS OF MARCH 21.U.S. CDC SAYS ADMINISTERED 128,217,029 DOSES OF COVID-19 VACCINE AS OF MARCH 23 VERSUS 126,509,736 DOSES ADMINISTERED AS OF MARCH 22.U.S. CDC SAYS 83,930,495 INDIVIDUALS HAVE RECEIVED AT LEAST ONE DOSE OF COVID-19 VACCINE AS OF MARCH 23 VERSUS 82,772,416 INDIVIDUALS AS OF MARCH 22.U.S. CDC SAYS 45,533,962 INDIVIDUALS HAVE BEEN FULLY VACCINATED AGAINST COVID-19 AS OF MARCH 23 VERSUS 44,910,946 INDIVIDUALS AS OF MARCH 22.; March 23 (Reuters) - Australia's Therapeutic Goods Administration::MELBOURNE-MANUFACTURED ASTRAZENECA VACCINE NOW AVAILABLE, WITH TGA APPROVING RELEASE OF FIRST FOUR BATCHES TOTALLING 832,200 DOSES FOR SUPPLY.; March 23 (Reuters) - IDEAYA Biosciences Inc ::IDEAYA ANNOUNCES DOSE EXPANSION IN PHASE 1/2 STUDY OF IDE196 AND BINIMETINIB COMBINATION IN METASTATIC UVEAL MELANOMA BASED ON EARLY CLINICAL ACTIVITY.IDEAYA BIOSCIENCES - TARGETING ENROLLMENT OF ABOUT 40 PATIENTS IN IDE196 AND BINIMETINIB CLINICAL COMBINATION PHASE 1/2 STUDY IN MUM.IDEAYA BIOSCIENCES - TARGETING INTERIM DATA FROM IDE196 & BINIMETINIB CLINICAL COMBINATION ARM IN MUM IN 2021.IDEAYA BIOSCIENCES - TARGETING INTERIM DATA FROM IDE196 MONOTHERAPY ARM OF PHASE 1/2 BASKET TRIAL IN MUM AND GNAQ/11-MUTATION SKIN MELANOMA IN 2021.; March 23 (Reuters) - Pfizer::PFIZER INITIATES PHASE 1 STUDY IN U.S. OF NOVEL ORAL ANTIVIRAL THERAPEUTIC AGENT AGAINST SARS-COV-2.PFIZER SAYS IN-VITRO STUDIES CONDUCTED TO DATE SHOW PF-07321332 IS POTENT PROTEASE INHIBITOR WITH POTENT ANTI-VIRAL ACTIVITY AGAINST SARS-COV-2.; March 23 (Reuters) - U.S. CDC::U.S. CDC SAYS DELIVERED 164,300,795 DOSES OF COVID-19 VACCINE AS OF MARCH 23 VERSUS 156,734,555 DOSES AS OF MARCH 21.U.S. CDC SAYS ADMINISTERED 128,217,029 DOSES OF COVID-19 VACCINE AS OF MARCH 23 VERSUS 126,509,736 DOSES ADMINISTERED AS OF MARCH 22.U.S. CDC SAYS 83,930,495 INDIVIDUALS HAVE RECEIVED AT LEAST ONE DOSE OF COVID-19 VACCINE AS OF MARCH 23 VERSUS 82,772,416 INDIVIDUALS AS OF MARCH 22.U.S. CDC SAYS 45,533,962 INDIVIDUALS HAVE BEEN FULLY VACCINATED AGAINST COVID-19 AS OF MARCH 23 VERSUS 44,910,946 INDIVIDUALS AS OF MARCH 22.; March 23 (Reuters) - :PFIZER GOES IT ALONE TO EXPAND VACCINE BUSINESS BEYOND COVID-19 PANDEMIC - WSJ.PFIZER WILL DEVELOP NEW SHOTS USING TECHNOLOGY, CALLED MRNA, TO TARGET OTHER VIRUSES AND PATHOGENS BEYOND THE CORONAVIRUS - WSJ.PFIZER AND BIONTECH WILL CONTINUE TO COLLABORATE ON COVID-19 SHOTS- WSJ.PFIZER CEO SAYS ""WE LIKE WORKING WITH BIONTECH, BUT WE DON'T NEED TO WORK WITH BIONTECH"" - WSJ.PFIZER WOULD START MANUFACTURING SOME EXPERIMENTAL PRODUCTS BEFORE THEY PROVE TO WORK SAFELY, AS IT DID WITH COVID-19 VACCINE - WSJ.PFIZER WILL INCREASE RESEARCH AND DEVELOPMENT IN MRNA TECHNOLOGY, INCLUDING ADDING AT LEAST 50 EMPLOYEES WHOSE ASSIGNMENTS WILL INCLUDE MRNA - WSJ.",1,1,0,1,0,1,0,1,"",0,"",0,"EU Drug Regulator Chief Says AstraZeneca Promised To Provide It With U.S. Trial Data; AstraZeneca Says Co To Engage With Independent Panel Of U.S. Trial Of Its COVID-19 Vaccine; Pfizer Goes It Alone To Expand Vaccine Business Beyond COVID-19 Pandemic - WSJ; Sanofi To Divest Anti-Inflammatory Drugs Portfolio To Fidia Farmaceutici; U.S. CDC Says Delivered 164,300,795 Doses Of Covid-19 Vaccine As Of March 23; TGA Says Melbourne-Manufactured Astrazeneca Vaccine Now Available; Ideaya Announces Dose Expansion In Study Of Ide196 And Binimetinib Combination In Metastatic Uveal Melanoma; Pfizer Initiates Phase 1 Study In U.S. Of Novel Oral Antiviral Therapeutic Agent Against Sars-Cov-2; U.S. CDC Says Delivered 164,300,795 Doses Of Covid-19 Vaccine As Of March 23; Pfizer Goes It Alone To Expand Vaccine Business Beyond COVID-19 Pandemic - WSJ",1,"",0,"",0,"",0,"",0
54,"2021-03-24","U.S. CDC Says Delivered 169,223,125 Doses Of COVID-19 Vaccine As Of March 24; Myovant Sciences And Pfizer Announce Positive Data From Phase 3 Study Of Relugolix Combination Therapy In Women With Uterine Fibroids; French supermarket executive Michel-Édouard Leclerc says he has had AstraZeneca COVID-19 vaccine; U.S. CDC Says Delivered 169,223,125 Doses Of COVID-19 Vaccine As Of March 24; GSK Announces Termination Of Moncef Slaoui As Chair Of Galvani Board","Regulatory; Products, Regulatory; Regulatory; Regulatory; Officer Changes, Mergers / Acquisitions","March 24 (Reuters) - :U.S. CDC SAYS DELIVERED 169,223,125 DOSES OF COVID-19 VACCINE AS OF MARCH 24 VERSUS 164,300,795 DOSES AS OF MARCH 23.U.S. CDC SAYS ADMINISTERED 130,473,853 DOSES OF COVID-19 VACCINE AS OF MARCH 24 VERSUS 128,217,029 DOSES ADMINISTERED AS OF MARCH 23.U.S. CDC SAYS 85,472,166 INDIVIDUALS HAVE RECEIVED AT LEAST ONE DOSE OF COVID-19 VACCINE AS OF MARCH 24 VERSUS 83,930,495 INDIVIDUALS AS OF MARCH 23.U.S. CDC SAYS 46,365,515 INDIVIDUALS HAVE BEEN FULLY VACCINATED AGAINST COVID-19 AS OF MARCH 24 VERSUS 45,533,962 INDIVIDUALS AS OF MARCH 23.U.S. CDC SAYS 7,683,903 DOSES OF COVID-19 VACCINE ADMINISTERED IN LONG-TERM CARE HOMES AS OF MARCH 24 VERSUS 7,675,790 DOSES ADMINISTERED AS OF MARCH 23.; March 24 (Reuters) - Myovant Sciences Ltd ::MYOVANT SCIENCES AND PFIZER ANNOUNCE POSITIVE DATA FROM PHASE 3 LIBERTY RANDOMIZED WITHDRAWAL STUDY OF ONCE-DAILY RELUGOLIX COMBINATION THERAPY IN WOMEN WITH UTERINE FIBROIDS.MYOVANT SCIENCES LTD - 88.3% OF WOMEN WHO DISCONTINUED TREATMENT RELAPSED WITH HEAVY MENSTRUAL BLEEDING, ON AVERAGE 5.9 WEEKS AFTER DISCONTINUATION.MYOVANT SCIENCES LTD - 69.8% OF WOMEN WHO CONTINUED RELUGOLIX COMBINATION THERAPY REMAINED RESPONDERS THROUGH WEEK 104.MYOVANT SCIENCES - 78.4% WOMEN WHO CONTINUED ON RELUGOLIX COMBINATION THERAPY REMAINED RESPONDERS THROUGH WEEK 76 VERSUS 15.1% OF WOMEN WHO DISCONTINUED TREATMENT AT WEEK 52.MYOVANT SCIENCES LTD - LIBERTY RANDOMIZED WITHDRAWAL STUDY MET ITS PRIMARY ENDPOINT.MYOVANT SCIENCES LTD - ALL THREE KEY SECONDARY ENDPOINTS IN LIBERTY RANDOMIZED WITHDRAWAL STUDY WERE ALSO ACHIEVED.MYOVANT - RELUGOLIX IS UNDER REVIEW BY U.S. FDA FOR TREATMENT OF WOMEN WITH UTERINE FIBROIDS, WITH DECISION EXPECTED BY JUNE 1, 2021 TARGET ACTION DATE.; March 24 (Reuters) - AstraZeneca PLC ::Michel-Édouard Leclerc, head of French supermarket company Leclerc, told France Inter radio on Wednesday that he had received the AstraZeneca <<>> COVID-19 vaccine.The AstraZeneca COVID vaccine has suffered from scepticism among certain members of the public, even though the European Union drugs regulator said last week that it was safe and effective against COVID..Further company coverage: AZN.L. (Reporting by Sudip Kar-Gupta). ((sudip.kargupta@thomsonreuters.com;)).; March 24 (Reuters) - :U.S. CDC SAYS DELIVERED 169,223,125 DOSES OF COVID-19 VACCINE AS OF MARCH 24 VERSUS 164,300,795 DOSES AS OF MARCH 23.U.S. CDC SAYS ADMINISTERED 130,473,853 DOSES OF COVID-19 VACCINE AS OF MARCH 24 VERSUS 128,217,029 DOSES ADMINISTERED AS OF MARCH 23.U.S. CDC SAYS 85,472,166 INDIVIDUALS HAVE RECEIVED AT LEAST ONE DOSE OF COVID-19 VACCINE AS OF MARCH 24 VERSUS 83,930,495 INDIVIDUALS AS OF MARCH 23.U.S. CDC SAYS 46,365,515 INDIVIDUALS HAVE BEEN FULLY VACCINATED AGAINST COVID-19 AS OF MARCH 24 VERSUS 45,533,962 INDIVIDUALS AS OF MARCH 23.U.S. CDC SAYS 7,683,903 DOSES OF COVID-19 VACCINE ADMINISTERED IN LONG-TERM CARE HOMES AS OF MARCH 24 VERSUS 7,675,790 DOSES ADMINISTERED AS OF MARCH 23.; March 24 (Reuters) - GlaxoSmithKline PLC ::GLAXOSMITHKLINE PLC - MONCEF SLAOUI DEPARTS GALVANI BIOELECTRONICS.GSK - TERMINATION OF MONCEF SLAOUI AS CHAIR OF GALVANI BOARD OF DIRECTORS, EFFECTIVE IMMEDIATELY.GSK - CHRISTOPHER CORSICO, SVP DEVELOPMENT AT GSK AND A CURRENT MEMBER OF GALVANI BOARD, HAS BEEN APPOINTED AS NEW CHAIR OF BOARD OF GALVANI.GSK - AMY ALTSHUL, SVP LEGAL, RESEARCH AND DEVELOPMENT AND GLOBAL COMMERCIAL FRANCHISES AT GSK, HAS ALSO BEEN APPOINTED TO GALVANI BOARD.",1,0,0,1,0,1,1,0,"",0,"",0,"",0,"U.S. CDC Says Delivered 169,223,125 Doses Of COVID-19 Vaccine As Of March 24; Myovant Sciences And Pfizer Announce Positive Data From Phase 3 Study Of Relugolix Combination Therapy In Women With Uterine Fibroids; French supermarket executive Michel-Édouard Leclerc says he has had AstraZeneca COVID-19 vaccine; U.S. CDC Says Delivered 169,223,125 Doses Of COVID-19 Vaccine As Of March 24; GSK Announces Termination Of Moncef Slaoui As Chair Of Galvani Board",1,"",0,"",0,"",0
55,"2021-03-25","Trial Set To Start Of AstraZeneca Covid Vaccine As Nasal Spray - FT; EMA Says Ad Hoc Expert Group To Provide Additional Input Into PRAC Assessment On AstraZeneca Vaccine; Head of French health regulator reaffirms confidence in AstraZeneca COVID vaccine; EMA Says Ad Hoc Expert Group Meeting To Provide Additional Input Into PRAC Assessment On AstraZeneca Vaccine; U.S. CDC Says Delivered 173,525,335 Doses Of Covid-19 Vaccine As Of March 25; Health Canada Issues Label Change And Guidance On Astrazeneca COVID-19 Vaccine; University of Oxford to study nasal administration of COVID-19 vaccine; U.S. CDC Says Delivered 173,525,335 Doses Of Covid-19 Vaccine As Of March 25","Community; Regulatory; Regulatory; Regulatory; Regulatory; Community; Regulatory; Regulatory","March 25 (Reuters) - :TRIAL SET TO START OF ASTRAZENECA COVID VACCINE AS NASAL SPRAY - FT.THE PHASE 1 TRIAL COULD BEGIN AS EARLY AS NEXT WEEK- FT.; March 25 (Reuters) - European Medicines Agency::EMA SAYS PRAC IS CONTINUING ITS ASSESSMENT OF THE REPORTED CASES.EMA SAYS CONVENING AN AD HOC EXPERT GROUP ON 29 MARCH TO PROVIDE ADDITIONAL INPUT INTO PRAC ASSESSMENT ON ASTRAZENECA VACCINE.EMA SAYS OUTCOME OF THE EXPERT MEETING, TOGETHER WITH FURTHER ANALYSIS OF THE REPORTED CASES, WILL FEED INTO PRAC’S ONGOING EVALUATION.EMA SAYS PRAC’S UPDATED RECOMMENDATION ON THE ISSUE IS EXPECTED DURING ITS APRIL PLENARY MEETING (6–9 APRIL)..EMA - EXPERT GROUP WILL ALSO INCLUDE TWO REPRESENTATIVES FROM THE PUBLIC.EMA - LAST WEEK, COMMITTEE CONFIRMED THAT COVID-19 VACCINE ASTRAZENECA IS NOT ASSOCIATED WITH AN INCREASE IN THE OVERALL RISK OF BLOOD CLOTS .; March 25 (Reuters) - French health regulator/AstraZeneca PLC ::DOMINIQUE LE GULUDEC, HEAD OF FRANCE'S HAUTE AUTORITE DE SANTE HEALTH REGULATOR, REITERATED TO FRANCE INFO RADIO THAT THE EFFICIENCY OF ASTRAZENECA COVID VACCINE REMAINS TRUSTWORTHY.AstraZeneca <<>> said on Thursday its COVID-19 vaccine was 76% effective at preventing symptomatic illness, citing a new analysis of up-to-date results for its major U.S. trial. nL4N2LN0BZ.Further company coverage: AZN.L. (Reporting by Sudip Kar-Gupta). ((sudip.kargupta@thomsonreuters.com;)).; March 25 (Reuters) - European Medicines Agency::EMA - SAFETY COMMITTEE HAD CONFIRMED THAT COVID-19 VACCINE ASTRAZENECA IS NOT ASSOCIATED WITH AN INCREASE IN THE OVERALL RISK OF BLOOD CLOTS.EMA SAYS PRAC IS CONTINUING ITS ASSESSMENT OF THE REPORTED CASES.EMA SAYS OUTCOME OF THE EXPERT MEETING, TOGETHER WITH FURTHER ANALYSIS OF THE REPORTED CASES, WILL FEED INTO PRAC’S ONGOING EVALUATION.EMA SAYS CONVENING AN AD HOC EXPERT GROUP ON 29 MARCH TO PROVIDE ADDITIONAL INPUT INTO PRAC ASSESSMENT ON ASTRAZENECA VACCINE.EMA SAYS PRAC’S UPDATED RECOMMENDATION ON THE ISSUE IS EXPECTED DURING ITS APRIL PLENARY MEETING (6–9 APRIL)..EMA - EXPERT GROUP WILL ALSO INCLUDE TWO REPRESENTATIVES FROM THE PUBLIC.; March 25 (Reuters) - U.S. CDC::U.S. CDC SAYS DELIVERED 173,525,335 DOSES OF COVID-19 VACCINE AS OF MARCH 25 VERSUS 169,223,125 DOSES AS OF MARCH 24.U.S. CDC SAYS ADMINISTERED 133,305,295 DOSES OF COVID-19 VACCINE AS OF MARCH 25 VERSUS 130,473,853 DOSES ADMINISTERED AS OF MARCH 24.U.S. CDC SAYS 87,343,622 INDIVIDUALS HAVE RECEIVED AT LEAST ONE DOSE OF COVID-19 VACCINE AS OF MARCH 25 VERSUS 85,472,166 INDIVIDUALS AS OF MARCH 24.U.S. CDC SAYS 47,419,832 INDIVIDUALS HAVE BEEN FULLY VACCINATED AGAINST COVID-19 AS OF MARCH 25 VERSUS 46,365,515 INDIVIDUALS AS OF MARCH 24.; March 24 (Reuters) - HEALTH CANADA::HEALTH CANADA ISSUES LABEL CHANGE AND GUIDANCE ON THE ASTRAZENECA COVID-19 VACCINE.HEALTH CANADA - REASSURES CANADIANS THAT THE ASTRAZENECA COVID-19 VACCINE CONTINUES TO BE SAFE AND EFFECTIVE.HEALTH CANADA ON ASTRAZENECA VACCINE SAYS CONSULTING WITH SCIENTIFIC EXPERTS IN CANADA AND INTERNATIONALLY TO DISCUSS VERY RARE EVENTS.HEALTH CANADA - HEALTH CANADA HAS NOT RECEIVED ANY REPORTS OF BLOOD CLOTS ASSOCIATED WITH LOW LEVELS OF BLOOD PLATELETS.HEALTH CANADA - HAS WORKED CLOSELY WITH EUROPEAN REGULATORS TO REVIEW EVIDENCE ON REPORTS OF BLOOD CLOTS AND HAS UPDATED PRODUCT MONOGRAPH.; March 25 (Reuters) - University of Oxford::UNIVERSITY OF OXFORD SAYS TO STUDY NASAL ADMINISTRATION OF COVID-19 VACCINE.UNIVERSITY OF OXFORD SAYS LAUNCHING STUDY INVESTIGATING THE DELIVERY OF THE CHADOX1 NCOV-19 CORONAVIRUS VACCINE USING A NASAL SPRAY.OXFORD - VACCINE WILL BE DELIVERED USING AN INTRANASAL SPRAY DEVICE, SIMILAR TO MANY OVER-THE-COUNTER HAY FEVER NASAL SPRAYS.OXFORD-PHASE I TRIAL, WILL ENROL 30 HEALTHY VOLUNTEERS AGED 18-40, TO INVESTIGATE LEVEL OF IMMUNE SYSTEM RESPONSES GENERATED BY VACCINE USING THIS DELIVERY TECHNIQUE.OXFORD - THE VOLUNTEERS, WHO WILL BE DRAWN FROM THE LOCAL OXFORD REGION, WILL BE FOLLOWED FOR A TOTAL OF FOUR MONTHS.OXFORD SAYS ALL OF VOLUNTEERS TO RECEIVE SAME VACCINE CURRENTLY BEING DELIVERED BY INTRAMUSCULAR INJECTION AS PART OF NATIONAL ROLL OUT OF CHADOX1 NCOV-19 VACCINE.; March 25 (Reuters) - U.S. CDC::U.S. CDC SAYS DELIVERED 173,525,335 DOSES OF COVID-19 VACCINE AS OF MARCH 25 VERSUS 169,223,125 DOSES AS OF MARCH 24.U.S. CDC SAYS ADMINISTERED 133,305,295 DOSES OF COVID-19 VACCINE AS OF MARCH 25 VERSUS 130,473,853 DOSES ADMINISTERED AS OF MARCH 24.U.S. CDC SAYS 87,343,622 INDIVIDUALS HAVE RECEIVED AT LEAST ONE DOSE OF COVID-19 VACCINE AS OF MARCH 25 VERSUS 85,472,166 INDIVIDUALS AS OF MARCH 24.U.S. CDC SAYS 47,419,832 INDIVIDUALS HAVE BEEN FULLY VACCINATED AGAINST COVID-19 AS OF MARCH 25 VERSUS 46,365,515 INDIVIDUALS AS OF MARCH 24.",1,0,0,1,0,1,0,0,"",0,"",0,"",0,"",0,"",0,"",0,"Trial Set To Start Of AstraZeneca Covid Vaccine As Nasal Spray - FT; EMA Says Ad Hoc Expert Group To Provide Additional Input Into PRAC Assessment On AstraZeneca Vaccine; Head of French health regulator reaffirms confidence in AstraZeneca COVID vaccine; EMA Says Ad Hoc Expert Group Meeting To Provide Additional Input Into PRAC Assessment On AstraZeneca Vaccine; U.S. CDC Says Delivered 173,525,335 Doses Of Covid-19 Vaccine As Of March 25; Health Canada Issues Label Change And Guidance On Astrazeneca COVID-19 Vaccine; University of Oxford to study nasal administration of COVID-19 vaccine; U.S. CDC Says Delivered 173,525,335 Doses Of Covid-19 Vaccine As Of March 25",1
56,"2021-03-29","Moderna Has Shipped 100 Millionth Dose Of Its COVID-19 Vaccine To U.S. Government; CDC Real-World Study Confirms Protective Benefits of mRNA COVID-19 Vaccines; Myovant Sciences Announces European Medicines Agency Validation Of Marketing Authorization Application For Relugolix For The Treatment Of Advanced Prostate Cancer; U.S. CDC Says Delivered 180,646,565 Doses Of Covid-19 Vaccine As Of March 29; Johnson & Johnson Announces Advance Purchase Agreement With The African Vaccine Acquisition Trust For Co's Covid-19 Vaccine Candidate; U.S. CDC Says Delivered 180,646,565 Doses Of Covid-19 Vaccine As Of March 29; Trillium Asset Management Urges J&J Shareholders To Vote For The Proposal Requesting Chair Of Board Be Independent Member; CDC Real-World Study Confirms Protective Benefits of mRNA COVID-19 Vaccines","Other Pre-Announcement; Regulatory; Regulatory; Regulatory; Mergers / Acquisitions; Regulatory; Regulatory; Regulatory","March 29 (Reuters) - Moderna Inc ::MODERNA ANNOUNCES SHIPMENT OF 100 MILLIONTH DOSE OF ITS COVID-19 VACCINE TO THE U.S. GOVERNMENT.MODERNA INC - HAS SHIPPED 100-MILLIONTH DOSE OF ITS COVID-19 VACCINE TO U.S. GOVERNMENT.MODERNA - MORE THAN 67 MILLION DOSES OF MODERNA COVID-19 VACCINE HAVE BEEN ADMINISTERED IN U.S., ACCORDING TO U.S. CENTERS FOR DISEASE CONTROL AND PREVENTION.MODERNA INC - EXPECTS TO SHIP 40-50 MILLION DOSES PER MONTH TO U.S. GOVERNMENT TO FULFILL ITS COMMITMENTS.MODERNA INC - EXPECTS TO MEET ITS COMMITMENT DATES TO U.S. GOVERNMENT FOR ALL CURRENTLY ORDERED DOSES OF MODERNA COVID-19 VA; March 29 (Reuters) - CDC::CDC REAL-WORLD STUDY CONFIRMS PROTECTIVE BENEFITS OF MRNA COVID-19 VACCINES AMONG HEALTH CARE PERSONNEL, FIRST RESPONDERS, OTHER ESSENTIAL WORKERS.; March 29 (Reuters) - Myovant Sciences Ltd ::MYOVANT SCIENCES ANNOUNCES EUROPEAN MEDICINES AGENCY VALIDATION OF MARKETING AUTHORIZATION APPLICATION FOR RELUGOLIX FOR THE TREATMENT OF ADVANCED PROSTATE CANCER.MYOVANT SCIENCES LTD - PFIZER'S DECISION TO EXERCISE OPTION RELATED TO RELUGOLIX IS EXPECTED IN FIRST HALF OF CALENDAR YEAR 2021.; March 29 (Reuters) - U.S. CDC::U.S. CDC SAYS DELIVERED 180,646,565 DOSES OF COVID-19 VACCINE AS OF MARCH 29 VERSUS 180,646,465 DOSES AS OF MARCH 28.U.S. CDC SAYS ADMINISTERED 145,812,835 DOSES OF COVID-19 VACCINE AS OF MARCH 29 VERSUS 143,462,691 DOSES ADMINISTERED AS OF MARCH 28.U.S. CDC SAYS 95,015,762 INDIVIDUALS HAVE RECEIVED AT LEAST ONE DOSE OF COVID-19 VACCINE AS OF MARCH 29 VERSUS 93,631,163 INDIVIDUALS AS OF MARCH 28.U.S. CDC SAYS 52,614,231 INDIVIDUALS HAVE BEEN FULLY VACCINATED AGAINST COVID-19 AS OF MARCH 29 VERSUS 51,593,564 INDIVIDUALS AS OF MARCH 28.U.S. CDC SAYS 7,718,036 DOSES OF COVID-19 VACCINE ADMINISTERED IN LONG-TERM CARE HOMES AS OF MARCH 29 VERSUS 7,715,923 DOSES ADMINISTERED AS OF MARCH 28.; March 29 (Reuters) - Johnson & Johnson ::JOHNSON & JOHNSON ANNOUNCES ADVANCE PURCHASE AGREEMENT WITH THE AFRICAN VACCINE ACQUISITION TRUST FOR THE COMPANY'S COVID-19 VACCINE CANDIDATE.UP TO 400 MILLION DOSES OF COMPANY'S SINGLE-SHOT VACCINE CANDIDATE WILL BE MADE AVAILABLE TO AFRICAN UNION MEMBER STATES.AVAILABILITY OF VACCINE IS SUBJECT TO NATIONAL REGULATORY APPROVALS.JANSSEN PHARMACEUTICA AGREED WITH AFRICAN VACCINE ACQUISITION TRUST (AVAT) TO MAKE AVAILABLE UP TO 220 MILLION DOSES OF ITS SINGLE-SHOT COVID-19 VACCINE.JANSSEN PHARMACEUTICA VACCINE WILL BE AVAILABLE TO AFRICAN UNION'S 55 MEMBER STATES WITH DELIVERY BEGINNING IN Q3 OF 2021.; March 29 (Reuters) - U.S. CDC::U.S. CDC SAYS DELIVERED 180,646,565 DOSES OF COVID-19 VACCINE AS OF MARCH 29 VERSUS 180,646,465 DOSES AS OF MARCH 28.U.S. CDC SAYS ADMINISTERED 145,812,835 DOSES OF COVID-19 VACCINE AS OF MARCH 29 VERSUS 143,462,691 DOSES ADMINISTERED AS OF MARCH 28.U.S. CDC SAYS 95,015,762 INDIVIDUALS HAVE RECEIVED AT LEAST ONE DOSE OF COVID-19 VACCINE AS OF MARCH 29 VERSUS 93,631,163 INDIVIDUALS AS OF MARCH 28.U.S. CDC SAYS 52,614,231 INDIVIDUALS HAVE BEEN FULLY VACCINATED AGAINST COVID-19 AS OF MARCH 29 VERSUS 51,593,564 INDIVIDUALS AS OF MARCH 28.U.S. CDC SAYS 7,718,036 DOSES OF COVID-19 VACCINE ADMINISTERED IN LONG-TERM CARE HOMES AS OF MARCH 29 VERSUS 7,715,923 DOSES ADMINISTERED AS OF MARCH 28.; March 29 (Reuters) - Johnson & Johnson ::TRILLIUM ASSET MANAGEMENT SAYS IT URGES J&J SHAREHOLDERS TO VOTE FOR THE PROPOSAL REQUESTING CHAIR OF BOARD BE INDEPENDENT MEMBER.; March 29 (Reuters) - CDC::CDC REAL-WORLD STUDY CONFIRMS PROTECTIVE BENEFITS OF MRNA COVID-19 VACCINES AMONG HEALTH CARE PERSONNEL, FIRST RESPONDERS, OTHER ESSENTIAL WO",1,0,1,0,0,1,0,0,"Moderna Has Shipped 100 Millionth Dose Of Its COVID-19 Vaccine To U.S. Government; CDC Real-World Study Confirms Protective Benefits of mRNA COVID-19 Vaccines; Myovant Sciences Announces European Medicines Agency Validation Of Marketing Authorization Application For Relugolix For The Treatment Of Advanced Prostate Cancer; U.S. CDC Says Delivered 180,646,565 Doses Of Covid-19 Vaccine As Of March 29; Johnson & Johnson Announces Advance Purchase Agreement With The African Vaccine Acquisition Trust For Co's Covid-19 Vaccine Candidate; U.S. CDC Says Delivered 180,646,565 Doses Of Covid-19 Vaccine As Of March 29; Trillium Asset Management Urges J&J Shareholders To Vote For The Proposal Requesting Chair Of Board Be Independent Member; CDC Real-World Study Confirms Protective Benefits of mRNA COVID-19 Vaccines",1,"",0,"",0,"Moderna Has Shipped 100 Millionth Dose Of Its COVID-19 Vaccine To U.S. Government; CDC Real-World Study Confirms Protective Benefits of mRNA COVID-19 Vaccines; Myovant Sciences Announces European Medicines Agency Validation Of Marketing Authorization Application For Relugolix For The Treatment Of Advanced Prostate Cancer; U.S. CDC Says Delivered 180,646,565 Doses Of Covid-19 Vaccine As Of March 29; Johnson & Johnson Announces Advance Purchase Agreement With The African Vaccine Acquisition Trust For Co's Covid-19 Vaccine Candidate; U.S. CDC Says Delivered 180,646,565 Doses Of Covid-19 Vaccine As Of March 29; Trillium Asset Management Urges J&J Shareholders To Vote For The Proposal Requesting Chair Of Board Be Independent Member; CDC Real-World Study Confirms Protective Benefits of mRNA COVID-19 Vaccines",1,"",0,"",0,"",0
57,"2021-04-05","U.S. CDC Says Administered 167.2 Million Doses Of Covid-19 Vaccine As Of April 5; Cidara Therapeutics Announces Agreement With Janssen To Develop And Commercialize Avcs For The Prevention And Treatment Of Influenza; Novavax Initiates Covid-19 Vaccine Clinical Trial Crossover; U.S. CDC Says Administered 167.2 Million Doses Of Covid-19 Vaccine As Of April 5; Emergent Biosolutions Says Receives Modified Task Order From U.S. HHS To Support Further Expansion Of Manufacturing Capacity For Johnson & Johnson's COVID-19 Vaccine; Emergent Biosolutions Says Receives Modified Task Order From U.S. HHS To Support Further Expansion Of Manufacturing Capacity For Johnson & Johnson's COVID-19 Vaccine","Regulatory; Products, Strategic Combinations; Products, Regulatory, Other Pre-Announcement; Regulatory; Products, Business Deals, Expansion; Products, Business Deals, Expansion","April 5 (Reuters) - Centers for Disease Control and Prevention (CDC): :U.S. CDC SAYS ADMINISTERED 167,187,795 DOSES OF COVID-19 VACCINE AS OF APRIL 5 VERSUS 165,053,746 DOSES ADMINISTERED AS OF APRIL 4.U.S. CDC SAYS 107,515,428 INDIVIDUALS HAVE RECEIVED AT LEAST ONE DOSE OF COVID-19 VACCINE AS OF APRIL 5 VERSUS 106,214,924 INDIVIDUALS AS OF APRIL 4.U.S. CDC SAYS 62,392,065 INDIVIDUALS HAVE BEEN FULLY VACCINATED AGAINST COVID-19 AS OF APRIL 5 VERSUS 61,416,536 INDIVIDUALS AS OF APRIL 4.U.S. CDC SAYS 7,743,373 DOSES OF COVID-19 VACCINE ADMINISTERED IN LONG-TERM CARE HOMES AS OF APRIL 5 VERSUS 7,742,126 DOSES ADMINISTERED AS OF APRIL 4.; April 5 (Reuters) - Cidara Therapeutics Inc ::CIDARA THERAPEUTICS ANNOUNCES AGREEMENT WITH JANSSEN TO DEVELOP AND COMMERCIALIZE AVCS FOR THE PREVENTION AND TREATMENT OF INFLUENZA.CIDARA THERAPEUTICS INC - CIDARA TO ADVANCE CD388 THROUGH PHASE 2 DEVELOPMENT FUNDED BY JANSSEN.CIDARA - COLLABORATION INCLUDES EXCLUSIVE WORLDWIDE RIGHTS TO CO'S CD388 AND OTHER INFLUENZA AVCS FOR UP TO $780 MILLION IN UPFRONT, MILESTONE PAYMENTS.CIDARA - WILL RECEIVE UPFRONT PAYMENT OF $27 MILLION AND JANSSEN WILL FUND ALL FUTURE RESEARCH, DEVELOPMENT, MANUFACTURING AND COMMERCIALIZATION FOR CD388.CIDARA THERAPEUTICS INC - ELIGIBLE TO RECEIVE UP TO AN AGGREGATE OF $753 MILLION IN BUDGETED RESEARCH AND DEVELOPMENT FUNDING.CIDARA THERAPEUTICS INC - CIDARA HAS OPTION TO CO-DETAIL CD388 IN U.S..; April 5 (Reuters) - Novavax Inc ::NOVAVAX INITIATES COVID-19 VACCINE CLINICAL TRIAL CROSSOVER.NOVAVAX INC - CROSSOVER ALLOWS PARTICIPANTS TO CONTINUE IN TRIALS AND REMAIN BLINDED.NOVAVAX INC - CROSSOVER ENSURES THAT ALL TRIAL PARTICIPANTS RECEIVE ACTIVE VACCINE.NOVAVAX INC - SOUTH AFRICA AND UK CROSSOVER ARMS INITIATED; US/MEXICO PREVENT-19 CROSSOVER PLANNED.NOVAVAX INC - ALL PARTICIPANTS IN UK AND U.S. PHASE 3 TRIALS WILL BE OFFERED OPPORTUNITY TO RECEIVE AN ADDITIONAL ROUND OF INJECTIONS.NOVAVAX - PLANNING TO EXPAND TRIAL TO INCLUDE PEDIATRIC AND ADOLESCENT ARMS, WHICH ARE ALSO EXPECTED TO BEGIN IN Q2.NOVAVAX INC - COMPANY IS ALSO PLANNING A CROSSOVER IN PREVENT-19 STUDY, FOR WHICH COMPANY EXPECTS TO READ OUT INITIAL CLINICAL DATA DURING Q2.; April 5 (Reuters) - Centers for Disease Control and Prevention (CDC): :U.S. CDC SAYS ADMINISTERED 167,187,795 DOSES OF COVID-19 VACCINE AS OF APRIL 5 VERSUS 165,053,746 DOSES ADMINISTERED AS OF APRIL 4.U.S. CDC SAYS 107,515,428 INDIVIDUALS HAVE RECEIVED AT LEAST ONE DOSE OF COVID-19 VACCINE AS OF APRIL 5 VERSUS 106,214,924 INDIVIDUALS AS OF APRIL 4.U.S. CDC SAYS 62,392,065 INDIVIDUALS HAVE BEEN FULLY VACCINATED AGAINST COVID-19 AS OF APRIL 5 VERSUS 61,416,536 INDIVIDUALS AS OF APRIL 4.U.S. CDC SAYS 7,743,373 DOSES OF COVID-19 VACCINE ADMINISTERED IN LONG-TERM CARE HOMES AS OF APRIL 5 VERSUS 7,742,126 DOSES ADMINISTERED AS OF APRIL 4.; April 4 (Reuters) - Emergent BioSolutions Inc ::EMERGENT BIOSOLUTIONS ON TRACK WITH RESPECT TO COVID-19 CONTRACTUAL COMMITMENTS; RECEIVES MODIFIED TASK ORDER FROM THE U.S. DEPARTMENT OF HEALTH & HUMAN SERVICES TO SUPPORT THE OPPORTUNITY FOR FURTHER EXPANSION OF MANUFACTURING CAPACITY FOR JOHNSON & JOHNSON’S COVID-19 VACCINE.HHS HAS INCREASED EMERGENT'S TASK ORDER BY $23 MILLION TO PURCHASE ADDITIONAL BIOLOGICS MANUFACTURING EQUIPMENT.CONTINUES TO BE ON TRACK WITH MANUFACTURING AGREEMENTS RELATED TO COVID-19 VACCINES,CONFIRMED NO CHANGES TO ITS FINANCIAL GUIDANCE FOR 2021.$23 MILLION TO BE USED FOR PURCHASE OF BIOLOGICS MANUFACTURING EQUIPMENT SPECIFIC TO JOHNSON & JOHNSON'S COVID19 VACCINE.EXPECTS TO ALIGN WITH U.S.,ASTRAZENECA ON A MUTUALLY AGREED RAMP DOWN OF MANUFACTURING FOR ASTRAZENECA'S COVID-19 VACCINE BULK DRUG SUBSTANCE.CONTINUES TO OWN&OPERATE FACILITY CONSISTENT WITH OBLIGATIONS TO ALL OF CUSTOMERS AND IN COMPLIANCE WITH REGULATORY STANDARDS.""EMERGENT'S TOP PRIORITY CONTINUES TO BE STRENGTHENING OF SUPPLY CHAIN FOR JOHNSON & JOHNSON'S VITALLY NEEDED COVID-19 VACCINE"".; April 4 (Reuters) - Emergent BioSolutions Inc ::EMERGENT BIOSOLUTIONS ON TRACK WITH RESPECT TO COVID-19 CONTRACTUAL COMMITMENTS; RECEIVES MODIFIED TASK ORDER FROM THE U.S. DEPARTMENT OF HEALTH & HUMAN SERVICES TO SUPPORT THE OPPORTUNITY FOR FURTHER EXPANSION OF MANUFACTURING CAPACITY FOR JOHNSON & JOHNSON’S COVID-19 VACCINE.HHS HAS INCREASED EMERGENT'S TASK ORDER BY $23 MILLION TO PURCHASE ADDITIONAL BIOLOGICS MANUFACTURING EQUIPMENT.CONTINUES TO BE ON TRACK WITH MANUFACTURING AGREEMENTS RELATED TO COVID-19 VACCINES,CONFIRMED NO CHANGES TO ITS FINANCIAL GUIDANCE FOR 2021.$23 MILLION TO BE USED FOR PURCHASE OF BIOLOGICS MANUFACTURING EQUIPMENT SPECIFIC TO JOHNSON & JOHNSON'S COVID19 VACCINE.EXPECTS TO ALIGN WITH U.S.,ASTRAZENECA ON A MUTUALLY AGREED RAMP DOWN OF MANUFACTURING FOR ASTRAZENECA'S COVID-19 VACCINE BULK DRUG SUBSTANCE.CONTINUES TO OWN&OPERATE FACILITY CONSISTENT WITH OBLIGATIONS TO ALL OF CUSTOMERS AND IN COMPLIANCE WITH REGULATORY STANDARDS.""EMERGENT'S TOP PRIORITY CONTINUES TO BE STRENGTHENING OF SUPPLY CHAIN FOR JOHNSON & JOHNSON'S VITALLY NEEDED COVID-19 VACCINE"".",1,0,0,1,1,1,0,0,"",0,"",0,"U.S. CDC Says Administered 167.2 Million Doses Of Covid-19 Vaccine As Of April 5; Cidara Therapeutics Announces Agreement With Janssen To Develop And Commercialize Avcs For The Prevention And Treatment Of Influenza; Novavax Initiates Covid-19 Vaccine Clinical Trial Crossover; U.S. CDC Says Administered 167.2 Million Doses Of Covid-19 Vaccine As Of April 5; Emergent Biosolutions Says Receives Modified Task Order From U.S. HHS To Support Further Expansion Of Manufacturing Capacity For Johnson & Johnson's COVID-19 Vaccine; Emergent Biosolutions Says Receives Modified Task Order From U.S. HHS To Support Further Expansion Of Manufacturing Capacity For Johnson & Johnson's COVID-19 Vaccine",1,"",0,"",0,"",0,"",0
58,"2021-04-08","U.S. CDC Says Administered 174.9 Million Doses Of Covid-19 Vaccine As Of April 8; Moderna Highlights Publication Of Antibody Persistence Data Of CO's COVID-19 Vaccine Out To 6 Months In The New England Journal Of Medicine; U.S. CDC Says Administered 174.9 Million Doses Of Covid-19 Vaccine As Of April 8; Celcuity Announces Agreement With Pfizer To Develop And Commercialize Gedatolisib For Breast Cancer","Regulatory; Products; Regulatory; Strategic Combinations, Equity Financing / Related","April 8 (Reuters) - Centers for Disease Control and Prevention (CDC): :U.S. CDC SAYS DELIVERED 229,398,685 DOSES OF COVID-19 VACCINE AS OF APRIL 8 VERSUS 225,294,435 DOSES AS OF APRIL 7.U.S. CDC SAYS ADMINISTERED 174,879,716 DOSES OF COVID-19 VACCINE AS OF APRIL 8 VERSUS 171,476,655 DOSES ADMINISTERED AS OF APRIL 7.U.S. CDC SAYS 112,046,611 INDIVIDUALS HAVE RECEIVED AT LEAST ONE DOSE OF COVID-19 VACCINE AS OF APRIL 8 VERSUS 109,995,734 INDIVIDUALS AS OF APRIL 7.U.S. CDC SAYS 66,203,123 INDIVIDUALS HAVE BEEN FULLY VACCINATED AGAINST COVID-19 AS OF APRIL 8 VERSUS 64,422,618 INDIVIDUALS AS OF APRIL 7.U.S. CDC SAYS 7,754,456 DOSES OF COVID-19 VACCINE ADMINISTERED IN LONG-TERM CARE HOMES AS OF APRIL 8 VERSUS 7,751,004 DOSES ADMINISTERED AS OF APRIL 7.; April 7 (Reuters) - Moderna Inc ::MODERNA HIGHLIGHTS PUBLICATION OF ANTIBODY PERSISTENCE DATA OF ITS COVID-19 VACCINE OUT TO 6 MONTHS IN THE NEW ENGLAND JOURNAL OF MEDICINE.MODERNA- AS DETECTED BY THREE DISTINCT SEROLOGIC ASSAYS, ANTIBODIES ELICITED BY MODERNA COVID-19 VACCINE PERSISTED THROUGH 6 MONTHS AFTER SECOND DOSE.STUDIES MONITORING IMMUNE RESPONSES BEYOND 6 MONTHS ARE ONGOING.MODERNA - STUDY ANALYZED 33 HEALTHY ADULT PARTICIPANTS IN NIH-LED PHASE 1 STUDY OF CO'S COVID-19 VACCINE AT 6 MONTHS FOLLOWING THE SECOND 100 _G DOSE.OUT OF AN ABUNDANCE OF CAUTION, MODERNA IS ALSO PURSUING A CLINICAL DEVELOPMENT STRATEGY AGAINST EMERGING VAR; April 8 (Reuters) - Centers for Disease Control and Prevention (CDC): :U.S. CDC SAYS DELIVERED 229,398,685 DOSES OF COVID-19 VACCINE AS OF APRIL 8 VERSUS 225,294,435 DOSES AS OF APRIL 7.U.S. CDC SAYS ADMINISTERED 174,879,716 DOSES OF COVID-19 VACCINE AS OF APRIL 8 VERSUS 171,476,655 DOSES ADMINISTERED AS OF APRIL 7.U.S. CDC SAYS 112,046,611 INDIVIDUALS HAVE RECEIVED AT LEAST ONE DOSE OF COVID-19 VACCINE AS OF APRIL 8 VERSUS 109,995,734 INDIVIDUALS AS OF APRIL 7.U.S. CDC SAYS 66,203,123 INDIVIDUALS HAVE BEEN FULLY VACCINATED AGAINST COVID-19 AS OF APRIL 8 VERSUS 64,422,618 INDIVIDUALS AS OF APRIL 7.U.S. CDC SAYS 7,754,456 DOSES OF COVID-19 VACCINE ADMINISTERED IN LONG-TERM CARE HOMES AS OF APRIL 8 VERSUS 7,751,004 DOSES ADMINISTERED AS OF APRIL 7.; April 8 (Reuters) - Celcuity Inc ::CELCUITY ANNOUNCES WORLDWIDE LICENSING AGREEMENT WITH PFIZER TO DEVELOP AND COMMERCIALIZE GEDATOLISIB, A FIRST-IN-CLASS PI3K/MTOR INHIBITOR FOR BREAST CANCER.CELCUITY INC - PFIZER PROVIDED CELCUITY WITH A WORLDWIDE LICENSE TO DEVELOP AND COMMERCIALIZE GEDATOLISIB.CELCUITY INC - ADDITIONAL FINANCIAL TERMS OF AGREEMENT WERE NOT DISCLOSED.CELCUITY INC - CELCUITY PAID UPFRONT LICENSE FEE OF $5 MILLION OF CASH AND $5 MILLION OF CELCUITY'S COMMON STOCK AS UPFRONT PAYMENT.CELCUITY INC - GEDATOLISIB WAS ALSO GENERALLY WELL TOLERATED, WITH MAJORITY OF TREATMENT RELATED ADVERSE EVENTS (TRAE) BEING GRADE 1 OR 2.CELCUITY INC - MOST COMMON GRADE 3 OR 4 TRAES FOR GEDATOLISIB WERE NEUTROPHIL COUNT DECREASE AND STOMATITIS.",1,0,1,0,0,1,0,0,"U.S. CDC Says Administered 174.9 Million Doses Of Covid-19 Vaccine As Of April 8; Moderna Highlights Publication Of Antibody Persistence Data Of CO's COVID-19 Vaccine Out To 6 Months In The New England Journal Of Medicine; U.S. CDC Says Administered 174.9 Million Doses Of Covid-19 Vaccine As Of April 8; Celcuity Announces Agreement With Pfizer To Develop And Commercialize Gedatolisib For Breast Cancer",1,"",0,"",0,"",0,"",0,"",0,"",0
59,"2021-05-05","Canada's Heath Regulator Authorizes Pfizer's Vaccine For Ages 12 To 16 - AP Reporter Tweet; U.S. CDC Says Delivered 318,474,035 Doses Of Covid-19 Vaccine As Of May 4; Health Canada Authorizes Use Of The Pfizer-Biontech Covid-19 Vaccine In Children 12 To 15 Years Of Age; FDA Says Hospira Issues Voluntary Recall For One Lot Of 0.5% Bupivacaine Hydrochloride Injection, USP, One Lot Of 1% Lidocaine HCL Injection, USP; U.S. CDC Says Administered 249.6 Mln Doses Of Covid-19 Vaccine As Of May 5; Health Canada Authorizes Use Of The Pfizer-Biontech Covid-19 Vaccine In Children 12 To 15 Years Of Age; U.S. CDC Says Delivered 318,474,035 Doses Of Covid-19 Vaccine As Of May 4; U.S. CDC Says Administered 249.6 Mln Doses Of Covid-19 Vaccine As Of May 5","Regulatory; Regulatory; Regulatory; Products; Regulatory; Regulatory; Regulatory; Regulatory","May 5 (Reuters) - :CANADA'S HEATH REGULATOR AUTHORIZES PFIZER'S VACCINE FOR AGES 12 TO 16 - AP REPORTER TWEET.; May 4 (Reuters) - U.S. CDC::U.S. CDC SAYS DELIVERED 318,474,035 DOSES OF COVID-19 VACCINE AS OF MAY 4.U.S. CDC SAYS ADMINISTERED 247,769,049 DOSES OF COVID-19 VACCINE AS OF MAY 4 VERSUS 246,780,203 DOSES ADMINISTERED AS OF MAY 3.U.S. CDC SAYS 147,894,671 INDIVIDUALS HAVE RECEIVED AT LEAST ONE DOSE OF COVID-19 VACCINE AS OF MAY 4 VERSUS 147,517,734 INDIVIDUALS AS OF MAY 3.U.S. CDC SAYS 106,168,588 INDIVIDUALS HAVE BEEN FULLY VACCINATED AGAINST COVID-19 AS OF MAY 4 VERSUS 105,523,520 INDIVIDUALS AS OF MAY 3.U.S. CDC SAYS 7,802,685 DOSES OF COVID-19 VACCINE ADMINISTERED IN LONG-TERM CARE HOMES AS OF MAY 4 VERSUS 7,802,513 DOSES ADMINISTERED AS OF MAY 3.; May 5 (Reuters) - BioNTech SE ::HEALTH CANADA AUTHORIZES USE OF THE PFIZER-BIONTECH COVID-19 VACCINE IN CHILDREN 12 TO 15 YEARS OF AGE.HEALTH CANADA - AUTHORIZED USE OF PFIZER-BIONTECH COVID-19 VACCINE IN CHILDREN 12 TO 15 YEARS OF AGE.; May 4 (Reuters) - U.S. FDA::US FDA- HOSPIRA ISSUES VOLUNTARY RECALL FOR ONE LOT OF 0.5% BUPIVACAINE HYDROCHLORIDE INJECTION, USP, ONE LOT OF 1% LIDOCAINE HCL INJECTION, USP.US FDA SAYS RECALL WAS DUE TO MISLABELING WHEREBY A PORTION OF EACH LOT WAS INCORRECTLY LABELED AS THE OTHER PRODUCT.; May 5 (Reuters) - Centers for Disease Control and Prevention::U.S. CDC SAYS ADMINISTERED 249,566,820 DOSES OF COVID-19 VACCINE AS OF MAY 5 VERSUS 247,769,049 DOSES ADMINISTERED AS OF MAY 4.U.S. CDC SAYS DELIVERED 321,549,335 DOSES OF COVID-19 VACCINE AS OF MAY 5 VERSUS 318,474,035 DOSES DELIVERED AS OF MAY 4.U.S. CDC SAYS 148,562,891 INDIVIDUALS HAVE RECEIVED AT LEAST ONE DOSE OF COVID-19 VACCINE AS OF MAY 5 VERSUS 147,894,671 INDIVIDUALS AS OF MAY 4.U.S. CDC SAYS 107,346,533 INDIVIDUALS HAVE BEEN FULLY VACCINATED AGAINST COVID-19 AS OF MAY 5 VERSUS 106,168,588 INDIVIDUALS AS OF MAY 4.U.S. CDC SAYS 7,804,017 DOSES OF COVID-19 VACCINE ADMINISTERED IN LONG-TERM CARE HOMES AS OF MAY 5 VERSUS 7,802,685 DOSES ADMINISTERED AS OF MAY 4.; May 5 (Reuters) - BioNTech SE ::HEALTH CANADA AUTHORIZES USE OF THE PFIZER-BIONTECH COVID-19 VACCINE IN CHILDREN 12 TO 15 YEARS OF AGE.HEALTH CANADA - AUTHORIZED USE OF PFIZER-BIONTECH COVID-19 VACCINE IN CHILDREN 12 TO 15 YEARS OF AGE.; May 4 (Reuters) - U.S. CDC::U.S. CDC SAYS DELIVERED 318,474,035 DOSES OF COVID-19 VACCINE AS OF MAY 4.U.S. CDC SAYS ADMINISTERED 247,769,049 DOSES OF COVID-19 VACCINE AS OF MAY 4 VERSUS 246,780,203 DOSES ADMINISTERED AS OF MAY 3.U.S. CDC SAYS 147,894,671 INDIVIDUALS HAVE RECEIVED AT LEAST ONE DOSE OF COVID-19 VACCINE AS OF MAY 4 VERSUS 147,517,734 INDIVIDUALS AS OF MAY 3.U.S. CDC SAYS 106,168,588 INDIVIDUALS HAVE BEEN FULLY VACCINATED AGAINST COVID-19 AS OF MAY 4 VERSUS 105,523,520 INDIVIDUALS AS OF MAY 3.U.S. CDC SAYS 7,802,685 DOSES OF COVID-19 VACCINE ADMINISTERED IN LONG-TERM CARE HOMES AS OF MAY 4 VERSUS 7,802,513 DOSES ADMINISTERED AS OF MAY 3.; May 5 (Reuters) - Centers for Disease Control and Prevention::U.S. CDC SAYS ADMINISTERED 249,566,820 DOSES OF COVID-19 VACCINE AS OF MAY 5 VERSUS 247,769,049 DOSES ADMINISTERED AS OF MAY 4.U.S. CDC SAYS DELIVERED 321,549,335 DOSES OF COVID-19 VACCINE AS OF MAY 5 VERSUS 318,474,035 DOSES DELIVERED AS OF MAY 4.U.S. CDC SAYS 148,562,891 INDIVIDUALS HAVE RECEIVED AT LEAST ONE DOSE OF COVID-19 VACCINE AS OF MAY 5 VERSUS 147,894,671 INDIVIDUALS AS OF MAY 4.U.S. CDC SAYS 107,346,533 INDIVIDUALS HAVE BEEN FULLY VACCINATED AGAINST COVID-19 AS OF MAY 5 VERSUS 106,168,588 INDIVIDUALS AS OF MAY 4.U.S. CDC SAYS 7,804,017 DOSES OF COVID-19 VACCINE ADMINISTERED IN LONG-TERM CARE HOMES AS OF MAY 5 VERSUS 7,802,685 DOSES ADMINISTERED AS OF MAY 4.",1,0,0,0,0,1,0,1,"",0,"",0,"",0,"",0,"",0,"",0,"",0
60,"2021-05-11","U.S. CDC Says Delivered 334,081,065 Doses Of Covid-19 Vaccine As Of May 11; Pfizer, Biontech Get First U.S. EUA Of COVID-19 Vaccine In Adolescents; Innate Pharma Q1 Revenues Down At EUR 4.5 Mln; U.S. CDC Says Delivered 334,081,065 Doses Of Covid-19 Vaccine As Of May 11; Pfizer, Biontech Get First U.S. EUA Of COVID-19 Vaccine In Adolescents","Regulatory; Regulatory; Earnings Announcements; Regulatory; Regulatory","May 11 (Reuters) - U.S. CDC ::U.S. CDC SAYS DELIVERED 334,081,065 DOSES OF COVID-19 VACCINE AS OF MAY 11.U.S. CDC SAYS ADMINISTERED 263,132,561 DOSES OF COVID-19 VACCINE AS OF MAY 11 VERSUS 261,599,381 DOSES ADMINISTERED AS OF MAY 10.U.S. CDC SAYS 153,448,316 INDIVIDUALS HAVE RECEIVED AT LEAST ONE DOSE OF COVID-19 VACCINE AS OF MAY 11 VERSUS 152,819,904 INDIVIDUALS AS OF MAY 10.U.S. CDC SAYS 116,576,359 INDIVIDUALS HAVE BEEN FULLY VACCINATED AGAINST COVID-19 AS OF MAY 11 VERSUS 115,530,780 INDIVIDUALS AS OF MAY 10.U.S. CDC SAYS 7,815,028 DOSES OF COVID-19 VACCINE ADMINISTERED IN LONG-TERM CARE HOMES AS OF MAY 11 VERSUS 7,814,408 DOSES ADMINISTERED AS OF MAY 10.; May 11 (Reuters) - Pfizer Inc ::PFIZER AND BIONTECH RECEIVE FIRST U.S. AUTHORIZATION FOR EMERGENCY USE OF COVID-19 VACCINE IN ADOLESCENTS.IN A PHASE 3 TRIAL, VACCINE WAS 100% EFFECTIVE AND GENERALLY WELL TOLERATED IN PARTICIPANTS AGED 12 TO 15 YEARS.PFIZER - DATA ALSO SUBMITTED TO EUROPEAN MEDICINES AGENCY (EMA) AND OTHER GLOBAL REGULATORS, WITH ADDITIONAL AUTHORIZATIONS EXPECTED IN COMING WEEKS.; May 11 (Reuters) - INNATE PHARMA SA ::CASH POSITION OF EUR 181.7 MILLION¹ AS OF MARCH 31, 2021.LACUTAMAB TELLOMAK TRIAL PROGRESSES AS KIR3DL2-EXPRESSING MYCOSIS FUNGOIDES COHORT ADVANCES TO STAGE 2 AFTER POSITIVE EARLY SIGNAL.COMPANY'S FIRST NK CELL ENGAGER SELECTED BY SANOFI AS DRUG CANDIDATE FOR DEVELOPMENT.REVENUES FOR FIRST THREE MONTHS OF 2021 AMOUNTED TO EUR 4.5 MILLION (EUR 19.3 MILLION FOR SAME PERIOD IN 2020).; May 11 (Reuters) - U.S. CDC ::U.S. CDC SAYS DELIVERED 334,081,065 DOSES OF COVID-19 VACCINE AS OF MAY 11.U.S. CDC SAYS ADMINISTERED 263,132,561 DOSES OF COVID-19 VACCINE AS OF MAY 11 VERSUS 261,599,381 DOSES ADMINISTERED AS OF MAY 10.U.S. CDC SAYS 153,448,316 INDIVIDUALS HAVE RECEIVED AT LEAST ONE DOSE OF COVID-19 VACCINE AS OF MAY 11 VERSUS 152,819,904 INDIVIDUALS AS OF MAY 10.U.S. CDC SAYS 116,576,359 INDIVIDUALS HAVE BEEN FULLY VACCINATED AGAINST COVID-19 AS OF MAY 11 VERSUS 115,530,780 INDIVIDUALS AS OF MAY 10.U.S. CDC SAYS 7,815,028 DOSES OF COVID-19 VACCINE ADMINISTERED IN LONG-TERM CARE HOMES AS OF MAY 11 VERSUS 7,814,408 DOSES ADMINISTERED AS OF MAY 10.; May 11 (Reuters) - Pfizer Inc ::PFIZER AND BIONTECH RECEIVE FIRST U.S. AUTHORIZATION FOR EMERGENCY USE OF COVID-19 VACCINE IN ADOLESCENTS.IN A PHASE 3 TRIAL, VACCINE WAS 100% EFFECTIVE AND GENERALLY WELL TOLERATED IN PARTICIPANTS AGED 12 TO 15 YEARS.PFIZER - DATA ALSO SUBMITTED TO EUROPEAN MEDICINES AGENCY (EMA) AND OTHER GLOBAL REGULATORS, WITH ADDITIONAL AUTHORIZATIONS EXPECTED IN COMING WEEKS.",1,1,0,0,0,1,0,1,"",0,"",0,"",0,"",0,"",0,"",0,"",0
61,"2021-06-08","U.S. CDC Says Administered 303,923,667 Doses Of COVID-19 Vaccine As Of June 8; Pfizer Says Begins Phase 2/3 Part Of Continuous Study Of The Pfizer-Biontech COVID-19 Vaccine In Healthy Children- Tweet; Pfizer Says Begins Phase 2/3 Part Of Continuous Study Of The Pfizer-Biontech COVID-19 Vaccine In Healthy Children- Tweet; EMA Says Outcome On Moderna COVID-19 Shot Use In Teenagers Expected In July; U.S. CDC Says Administered 303,923,667 Doses Of COVID-19 Vaccine As Of June 8","Regulatory; Regulatory; Regulatory; Regulatory; Regulatory","June 8 (Reuters) - :U.S. CDC SAYS ADMINISTERED 303,923,667 DOSES OF COVID-19 VACCINE AS OF JUNE 8 VERSUS 302,851,917 DOSES ADMINISTERED AS OF JUNE 7.U.S. CDC SAYS DELIVERED 372,100,285 DOSES OF COVID-19 VACCINE AS OF JUNE 8.U.S. CDC SAYS 171,731,584 INDIVIDUALS HAVE RECEIVED AT LEAST ONE DOSE OF COVID-19 VACCINE AS OF JUNE 8 VERSUS 171,310,738 INDIVIDUALS AS OF JUNE 7.U.S. CDC SAYS 140,441,957 INDIVIDUALS HAVE BEEN FULLY VACCINATED AGAINST COVID-19 AS OF JUNE 8 VERSUS 139,748,661 INDIVIDUALS AS OF JUNE 7.Further company coverage: JNJ.N. ((Reuters.Briefs@thomsonreuters.com;)).; June 8 (Reuters) - :PFIZER SAYS BEGINS THE PHASE 2/3 PART OF OUR CONTINUOUS STUDY OF THE PFIZER -BIONTECH COVID19 VACCINE IN HEALTHY CHILDREN- TWEET.PFIZER SAYS PHASE 1/2/3 STUDY WILL ENROLL ABOUT 4,500 CHILDREN 6 MONTHS TO 11 YEARS IN US, FINLAND, POLAND, SPAIN AT MORE THAN 90 CLINICAL TRIAL SITES.PFIZER SAYS CHILDREN YOUNGER THAN 6 MONTHS OF AGE MAY SUBSEQUENTLY BE EVALUATED FOR VACCINE TRIAL, ONCE ACCEPTABLE SAFETY PROFILE IS ESTABLISHED. ((Reuters.Briefs@thomsonreuters.com;)).; June 8 (Reuters) - :PFIZER SAYS BEGINS THE PHASE 2/3 PART OF OUR CONTINUOUS STUDY OF THE PFIZER -BIONTECH COVID19 VACCINE IN HEALTHY CHILDREN- TWEET.PFIZER SAYS PHASE 1/2/3 STUDY WILL ENROLL ABOUT 4,500 CHILDREN 6 MONTHS TO 11 YEARS IN US, FINLAND, POLAND, SPAIN AT MORE THAN 90 CLINICAL TRIAL SITES.PFIZER SAYS CHILDREN YOUNGER THAN 6 MONTHS OF AGE MAY SUBSEQUENTLY BE EVALUATED FOR VACCINE TRIAL, ONCE ACCEPTABLE SAFETY PROFILE IS ESTABLISHED. ((Reuters.Briefs@thomsonreuters.com;)).; June 8 (Reuters) - European Medicines Agency (EMA):EMA EVALUATING THE USE OF COVID-19 VACCINE MODERNA IN YOUNG PEOPLE AGED 12 TO 17.SAYS WILL COMMUNICATE THE OUTCOME OF MODERNA VACCINE EXTENSION EVALUATION, WHICH IS EXPECTED IN JULY UNLESS SUPPLEMENTARY INFORMATION IS NEEDED.SAYS COVID-19 VACCINE MODERNA IS CURRENTLY AUTHORISED FOR USE IN PEOPLE AGED 18 AND OLDER.Further company coverage: MRNA.O. ((Reuters.Briefs@thomsonreuters.c; June 8 (Reuters) - :U.S. CDC SAYS ADMINISTERED 303,923,667 DOSES OF COVID-19 VACCINE AS OF JUNE 8 VERSUS 302,851,917 DOSES ADMINISTERED AS OF JUNE 7.U.S. CDC SAYS DELIVERED 372,100,285 DOSES OF COVID-19 VACCINE AS OF JUNE 8.U.S. CDC SAYS 171,731,584 INDIVIDUALS HAVE RECEIVED AT LEAST ONE DOSE OF COVID-19 VACCINE AS OF JUNE 8 VERSUS 171,310,738 INDIVIDUALS AS OF JUNE 7.U.S. CDC SAYS 140,441,957 INDIVIDUALS HAVE BEEN FULLY VACCINATED AGAINST COVID-19 AS OF JUNE 8 VERSUS 139,748,661 INDIVIDUALS AS OF JUNE 7.Further company coverage: JNJ.N. ((Reuters.Briefs@thomsonreuters.com;)).",1,0,1,0,0,1,0,1,"",0,"",0,"",0,"",0,"",0,"",0,"U.S. CDC Says Administered 303,923,667 Doses Of COVID-19 Vaccine As Of June 8; Pfizer Says Begins Phase 2/3 Part Of Continuous Study Of The Pfizer-Biontech COVID-19 Vaccine In Healthy Children- Tweet; Pfizer Says Begins Phase 2/3 Part Of Continuous Study Of The Pfizer-Biontech COVID-19 Vaccine In Healthy Children- Tweet; EMA Says Outcome On Moderna COVID-19 Shot Use In Teenagers Expected In July; U.S. CDC Says Administered 303,923,667 Doses Of COVID-19 Vaccine As Of June 8",1
62,"2021-06-10","U.S. CDC Says Delivered 372,830,865 Doses Of COVID-19 Vaccine As Of June 10; Sanofi, Capgemini, Generali And Orange Create Future4care To Develop E-Health Solutions; U.S. CDC Says Delivered 372,830,865 Doses Of COVID-19 Vaccine As Of June 10; Moderna Inc Announced Intention To Expand Its Manufacturing Capabilities; Johnson & Johnson Statement On FDA Approval Of Shelf Life Extension For Company's Covid-19 Vaccine","Regulatory; Strategic Combinations; Regulatory; Products, Expansion; Products","June 10 (Reuters) - :U.S. CDC SAYS DELIVERED 372,830,865 DOSES OF COVID-19 VACCINE AS OF JUNE 10 VERSUS 372,495,525 DOSES AS OF JUNE 9.U.S. CDC SAYS ADMINISTERED 305,687,618 DOSES OF COVID-19 VACCINE AS OF JUNE 10 VERSUS 304,753,476 DOSES ADMINISTERED AS OF JUNE 9.U.S. CDC SAYS 141,583,252 INDIVIDUALS HAVE BEEN FULLY VACCINATED AGAINST COVID-19 AS OF JUNE 10 VERSUS 140,980,110 INDIVIDUALS AS OF JUNE 9.U.S. CDC SAYS 172,423,605 INDIVIDUALS HAVE RECEIVED AT LEAST ONE DOSE OF COVID-19 VACCINE AS OF JUNE 10 VERSUS 172,054,276 INDIVIDUALS AS OF JUNE 9.Further company coverage: JNJ.N. ((Reuters.Briefs@thomsonreuters.com;)).; June 10 (Reuters) - SANOFI , CAPGEMINI , GENERALI AND ORANGE ::SANOFI <<>>, CAPGEMINI <<>>, GENERALI <<>> AND ORANGE <<>> ANNOUNCE THE CREATION OF FUTURE4CARE.FUTURE4CARE IS A EUROPEAN STARTUP ACCELERATOR THAT AIMS AT THE RAPID DEVELOPMENT OF E-HEALTH SOLUTIONS.FUTURE4CARE ALSO AIMS AT THE CREATION OF AN INSTITUTE OFFERING CONTENT RELATED TO DIGITAL HEALTH.STARTUPS AND FUTURE4CARE PARTNERS WILL HAVE ACCESS TO A 6,000 M2 SPACE IN PARIS WHICH WILL OPEN IN DECEMBER 2021.SEPTEMBER 2021: LAUNCH OF THE FIRST CALL FOR PROPOSALS FOR STARTUPS.NOVEMBER 2021: ONBOARDING OF STARTUPS AND LAUNCH OF THE SERVICE OFFER IN ITS 100% DIGITAL VERSION. (Gdansk Newsroom). ((Gdansk.newsroom@thomsonreuters.com; +48 58 778 51 10;)).; June 10 (Reuters) - :U.S. CDC SAYS DELIVERED 372,830,865 DOSES OF COVID-19 VACCINE AS OF JUNE 10 VERSUS 372,495,525 DOSES AS OF JUNE 9.U.S. CDC SAYS ADMINISTERED 305,687,618 DOSES OF COVID-19 VACCINE AS OF JUNE 10 VERSUS 304,753,476 DOSES ADMINISTERED AS OF JUNE 9.U.S. CDC SAYS 141,583,252 INDIVIDUALS HAVE BEEN FULLY VACCINATED AGAINST COVID-19 AS OF JUNE 10 VERSUS 140,980,110 INDIVIDUALS AS OF JUNE 9.U.S. CDC SAYS 172,423,605 INDIVIDUALS HAVE RECEIVED AT LEAST ONE DOSE OF COVID-19 VACCINE AS OF JUNE 10 VERSUS 172,054,276 INDIVIDUALS AS OF JUNE 9.Further company coverage: JNJ.N. ((Reuters.Briefs@thomsonreuters.com;)).; June 9 (Reuters) - Moderna Inc ::MODERNA INC - ANNOUNCED INTENTION TO EXPAND ITS MANUFACTURING CAPABILITIES TO POTENTIALLY SUPPLY UP TO 3 BILLION DOSES OF ITS COVID-19 VACCINE IN 2022..MODERNA - INTERESTED IN POSSIBILITY OF PARTNERING WITH U.S. TO PROVIDE ADDITIONAL DOSES OF COÕS COVID-19 VACCINE IN LOW- AND MIDDLE-INCOME COUNTRIES.MODERNA INC - CO WOULD NOT BE PROVIDING ADDITIONAL DETAILS ABOUT ANY PARTICULAR DISCUS; June 10 (Reuters) - Johnson & Johnson ::JOHNSON & JOHNSON STATEMENT ON FDA APPROVAL OF SHELF LIFE EXTENSION FOR COMPANY'S COVID-19 VACCINE.J&J - U.S. FDA HAS AUTHORIZED AN EXTENSION OF SHELF LIFE FOR JOHNSON & JOHNSON SINGLE-SHOT COVID-19 VACCINE FROM 3 MONTHS TO 4.5 MONTHS.Further company coverage: JNJ.N. ((Reuters.Briefs@thomsonreuters.com;)).",1,1,1,0,0,1,0,0,"",0,"U.S. CDC Says Delivered 372,830,865 Doses Of COVID-19 Vaccine As Of June 10; Sanofi, Capgemini, Generali And Orange Create Future4care To Develop E-Health Solutions; U.S. CDC Says Delivered 372,830,865 Doses Of COVID-19 Vaccine As Of June 10; Moderna Inc Announced Intention To Expand Its Manufacturing Capabilities; Johnson & Johnson Statement On FDA Approval Of Shelf Life Extension For Company's Covid-19 Vaccine",1,"",0,"",0,"",0,"",0,"",0
63,"2021-06-14","Novavax Covid-19 Vaccine Demonstrates 90% Overall Efficacy And 100% Protection Against Moderate And Severe Disease In Prevent-19 Phase 3 Trial; U.S. CDC Says Administered 310,645,827 Doses Of Covid-19 Vaccine As Of June 14; NIH Says U.S. Clinical Trial Results Show Novavax Vaccine Is Safe And Prevents Covid-19; GSK, Iteos Collaborate For EOS-448, Iteo To Get $625 Mln Upfront Payment; U.S. CDC Says Administered 310,645,827 Doses Of Covid-19 Vaccine As Of June 14; Novavax CEO Says Possible That Co’s COVID-19 Vaccine Supply To U.S. Could Be Directed To Covax - CNBC Interview","Regulatory; Regulatory; Regulatory; Products, Strategic Combinations, Regulatory; Regulatory; Community","June 14 (Reuters) - Novavax Inc ::NOVAVAX COVID-19 VACCINE DEMONSTRATES 90% OVERALL EFFICACY AND 100% PROTECTION AGAINST MODERATE AND SEVERE DISEASE IN PREVENT-19 PHASE 3 TRIAL.NOVAVAX INC - ALL COVID-19 HOSPITALIZATIONS/DEATH OCCURRED IN PLACEBO GROUP.NOVAVAX INC - STUDY SHOWED 93% EFFICACY AGAINST PREDOMINANTLY CIRCULATING VARIANTS OF CONCERN AND VARIANTS OF INTEREST.NOVAVAX INC - STUDY SHOWED 100% EFFICACY AGAINST VARIANTS ""NOT CONSIDERED VARIANTS OF CONCERN/INTEREST"".NOVAVAX INC - TRIAL SHOWED 91% EFFICACY IN HIGH-RISK POPULATIONS.NOVAVAX INC - NVX-COV2373 MET PRIMARY ENDPOINT IN ITS PREVENT-19 PIVOTAL PHASE 3 TRIAL.NOVAVAX INC - INTENDS TO FILE FOR REGULATORY AUTHORIZATIONS IN Q3.NOVAVAX INC - UPON REGULATORY APPROVALS REMAINS ON TRACK TO REACH MANUFACTURING CAPACITY OF 100 MILLION DOSES PER MONTH BY END OF Q3.NOVAVAX INC - CONFIRMS THAT NVX-COV2373 OFFERS A REASSURING TOLERABILITY AND SAFETY PROFILE.NOVAVAX INC - UPON REGULATORY APPROVALS REMAINS ON TRACK TO REACH MANUFACTURING CAPACITY OF 150 MILLION DOSES PER MONTH BY END OF Q4 OF 2021.NOVAVAX INC - IN PLACEBO-CONTROLLED, OBSERVER-BLINDED STUDY RANDOMIZED 2:1, NVX-COV2373 DEMONSTRATED OVERALL EFFICACY OF 90.4%.NOVAVAX INC - PREVENT-19 MET ITS KEY SECONDARY ENDPOINT.; June 14 (Reuters) - U.S. CDC::U.S. CDC SAYS ADMINISTERED 310,645,827 DOSES OF COVID-19 VACCINE AS OF JUNE 14 VERSUS 309,322,545 DOSES ADMINISTERED AS OF JUNE 13.U.S. CDC SAYS 174,234,573 INDIVIDUALS HAVE RECEIVED AT LEAST ONE DOSE OF COVID-19 VACCINE AS OF JUNE 14 VERSUS 173,840,483 INDIVIDUALS AS OF JUNE 13.U.S. CDC SAYS 144,919,339 INDIVIDUALS HAVE BEEN FULLY VACCINATED AGAINST COVID-19 AS OF JUNE 14 VERSUS 143,921,222 INDIVIDUALS AS OF JUNE 13.Further company coverage: JNJ.N. ((Reuters.Briefs@thomsonreuters.com;)).; June 14 (Reuters) - :NIH SAYS U.S. CLINICAL TRIAL RESULTS SHOW NOVAVAX VACCINE IS SAFE AND PREVENTS COVID-19.NIH SAYS SAFETY DATA INDICATE THE INVESTIGATIONAL NOVAVAX VACCINE WAS GENERALLY WELL-TOLERATED.NIH SAYS RESULTS FROM NOVAVAX VACCINE PHASE 3 CLINICAL TRIAL IN U.S. ,MEXICO DEMONSTRATED 90.4% EFFICACY IN PREVENTING SYMPTOMATIC COVID-19 DISEASE. ((reuters.briefs@thomsonreuters.com;)).; June 14 (Reuters) - GlaxoSmithKline PLC ::GLAXOSMITHKLINE PLC - GSK AND ITEOS ANNOUNCE COLLABORATION FOR EOS-448.GSK - EOS-448 IS CURRENTLY IN PHASE I FOR ADVANCED SOLID TUMOURS WITH A RANDOMISED PD-1 COMBINATION STUDY PLANNED FOR 2022.GSK - ITEOS TO RECEIVE A $625 MILLION UPFRONT PAYMENT IN ADDITION TO POTENTIAL MILESTONES, AND ROYALTY PAYMENTS ON EX-US SALES.GSK -.GSK - GSK AND ITEOS WILL CO-COMMERCIALISE AND SHARE PROFITS IN US.GSK - GSK NOW HAS LEADING PORTFOLIO OF ANTIBODIES TARGETING CD226 AXIS - A KEY TARGET FOR NEXT-GENERATION IMMUNO-ONCOLOGY THERAPIES.GSK - WITH THIS COLLABORATION GSK IS UNIQUELY POSITIONED WITH ACCESS TO ANTIBODIES THAT SYNERGISTICALLY TARGET ALL THREE KNOWN CD226 CHECKPOINTS.GSK - ITEOS WILL BE ELIGIBLE TO RECEIVE UP TO AN ADDITIONAL $1.45 BILLION IN MILESTONE PAYMENTS, SHOULD EOS-448 PROGRAMME ACHIEVE CERTAIN MILESTONES.GSK - WITHIN COLLABORATION, GSK AND ITEOS WILL SHARE RESPONSIBILITY AND COSTS FOR GLOBAL DEVELOPMENT OF EOS-448.GSK - EXPECTS TO SUBMIT AN INVESTIGATIONAL NEW DRUG APPLICATION FOR GSK'562 (ANTI-PVRIG IN-LICENSED AS SRF-813 FROM SURFACE ONCOLOGY) BY MID-2022.GSK - GSK AND ITEOS PLAN TO START COMBINATION STUDIES OF EOS-448 WITH DOSTARLIMAB IN 2022.; June 14 (Reuters) - U.S. CDC::U.S. CDC SAYS ADMINISTERED 310,645,827 DOSES OF COVID-19 VACCINE AS OF JUNE 14 VERSUS 309,322,545 DOSES ADMINISTERED AS OF JUNE 13.U.S. CDC SAYS 174,234,573 INDIVIDUALS HAVE RECEIVED AT LEAST ONE DOSE OF COVID-19 VACCINE AS OF JUNE 14 VERSUS 173,840,483 INDIVIDUALS AS OF JUNE 13.U.S. CDC SAYS 144,919,339 INDIVIDUALS HAVE BEEN FULLY VACCINATED AGAINST COVID-19 AS OF JUNE 14 VERSUS 143,921,222 INDIVIDUALS AS OF JUNE 13.Further company coverage: JNJ.N. ((Reuters.Briefs@thomsonreuters.com;)).; June 14 (Reuters) - :NOVAVAX CEO STANLEY ERCK SAYS POSSIBLE THAT CO’S SUPPLY TO U.S. COULD BE DIRECTED TO COVAX - CNBC INTERVIEW.NOVAVAX CEO SAYS ON LONG TERM IN U.S. PARTICULARLY WILL HAVE HUGE MARKET FOR COVID-19 VACCINE BOOSTER DOSES - CNBC INTERVIEW.Further company coverage: NVAX.O. ((Reuters.Briefs@thomsonreuters.com;)).",1,0,0,0,1,1,1,0,"",0,"",0,"",0,"",0,"",0,"",0,"",0
64,"2021-06-15","PharmaSGP Acquires OTC Brand Portfolio from Gsk; Cstone Pharmaceuticals Announces Joint Development Of Lorlatinib With Pfizer; U.S. CDC Says Administered 311,886,674 Doses Of COVID-19 Vaccine As Of June 15; U.S. CDC Says Administered 311,886,674 Doses Of COVID-19 Vaccine As Of June 15; FDA Says Authorized Use For Janssen Covid-19 Vaccine Of Additional Batch Of Vaccine Drug Substance Manufactured At Emergent Facility","Other Pre-Announcement, Mergers / Acquisitions; Regulatory; Regulatory; Regulatory; Products","June 15 (Reuters) - PharmaSGP Holding SE SAYS::PHARMASGP GROUP ACQUIRES OTC BRAND PORTFOLIO (BALDRIPARAN, FORMIGRAN, SPALT AND KAMOL) FROM GSK.AGREED PURCHASE PRICE IS AROUND EUR 80 MLN.EXPECTS TRANSACTION TO BE COMPLETED BY END OF AUGUST 2021.ACQUISITION IS FINANCED THROUGH A SHAREHOLDER LOAN GRANTED TO PHARMASGP HOLDING SE BY FUTRUE GMBH.; June 15 (Reuters) - CStone Pharmaceuticals ::CSTONE PHARMACEUTICALS -ANNOUNCES JOINT DEVELOPMENT OF LORLATINIB ROS1-POSITIVE ADVANCED LUNG CANCER WITH PFIZER.; June 15 (Reuters) - U.S. CDC::U.S. CDC SAYS ADMINISTERED 311,886,674 DOSES OF COVID-19 VACCINE AS OF JUNE 15 VERSUS 310,645,827 DOSES ADMINISTERED AS OF JUNE 14.U.S. CDC SAYS 174,674,144 INDIVIDUALS HAVE RECEIVED AT LEAST ONE DOSE OF COVID-19 VACCINE AS OF JUNE 15 VERSUS 174,234,573 INDIVIDUALS AS OF JUNE 14.U.S. CDC SAYS 145,768,367 INDIVIDUALS HAVE BEEN FULLY VACCINATED AGAINST COVID-19 AS OF JUNE 15 VERSUS 144,919,339 INDIVIDUALS AS OF JUNE 14.U.S. CDC SAYS DELIVERED 374,865,165 DOSES OF COVID-19 VACCINE AS OF JUNE 15. ((Reuters.Briefs@thomsonreuters.com;)).; June 15 (Reuters) - U.S. CDC::U.S. CDC SAYS ADMINISTERED 311,886,674 DOSES OF COVID-19 VACCINE AS OF JUNE 15 VERSUS 310,645,827 DOSES ADMINISTERED AS OF JUNE 14.U.S. CDC SAYS 174,674,144 INDIVIDUALS HAVE RECEIVED AT LEAST ONE DOSE OF COVID-19 VACCINE AS OF JUNE 15 VERSUS 174,234,573 INDIVIDUALS AS OF JUNE 14.U.S. CDC SAYS 145,768,367 INDIVIDUALS HAVE BEEN FULLY VACCINATED AGAINST COVID-19 AS OF JUNE 15 VERSUS 144,919,339 INDIVIDUALS AS OF JUNE 14.U.S. CDC SAYS DELIVERED 374,865,165 DOSES OF COVID-19 VACCINE AS OF JUNE 15. ((Reuters.Briefs@thomsonreuters.com;)).; June 15 (Reuters) - :FDA SAYS AUTHORIZED USE, UNDER EUA FOR JANSSEN COVID-19 VACCINE, OF ADDITIONAL BATCH OF VACCINE DRUG SUBSTANCE MANUFACTURED AT EMERGENT FACILITY.FDA SAYS NOT YET READY TO INCLUDE THE EMERGENT BIOSOLUTIONS PLANT IN JANSSEN EUA AS AN AUTHORIZED MANUFACTURING FACILITY. ((reuters.briefs@thomsonreuters.com;)).",1,0,0,0,0,1,1,0,"",0,"",0,"",0,"PharmaSGP Acquires OTC Brand Portfolio from Gsk; Cstone Pharmaceuticals Announces Joint Development Of Lorlatinib With Pfizer; U.S. CDC Says Administered 311,886,674 Doses Of COVID-19 Vaccine As Of June 15; U.S. CDC Says Administered 311,886,674 Doses Of COVID-19 Vaccine As Of June 15; FDA Says Authorized Use For Janssen Covid-19 Vaccine Of Additional Batch Of Vaccine Drug Substance Manufactured At Emergent Facility",1,"",0,"",0,"",0
65,"2021-06-16","U.S. CDC Says 146,456,124 Individuals Have Been Fully Vaccinated Against Covid-19 As Of June 16; U.S. CDC Says 146,456,124 Individuals Have Been Fully Vaccinated Against Covid-19 As Of June 16","Regulatory; Regulatory","June 16 (Reuters) - U.S. CDC::U.S. CDC SAYS 146,456,124 INDIVIDUALS HAVE BEEN FULLY VACCINATED AGAINST COVID-19 AS OF JUNE 16 VERSUS 145,768,367 INDIVIDUALS AS OF JUNE 15.U.S. CDC SAYS DELIVERED 375,186,675 DOSES OF COVID-19 VACCINE AS OF JUNE 16 VERSUS 374,865,165 DOSES DELIVERED AS OF JUNE 15.U.S. CDC SAYS ADMINISTERED 312,915,170 DOSES OF COVID-19 VACCINE AS OF JUNE 16 VERSUS 311,886,674 DOSES ADMINISTERED AS OF JUNE 15.U.S. CDC SAYS 175,053,401 INDIVIDUALS HAVE RECEIVED AT LEAST ONE DOSE OF COVID-19 VACCINE AS OF JUNE 16 VERSUS 174,674,144 INDIVIDUALS AS OF JUNE 15.Further company coverage: JNJ.N. ((Reuters.Briefs@thomsonreuters.com;)).; June 16 (Reuters) - U.S. CDC::U.S. CDC SAYS 146,456,124 INDIVIDUALS HAVE BEEN FULLY VACCINATED AGAINST COVID-19 AS OF JUNE 16 VERSUS 145,768,367 INDIVIDUALS AS OF JUNE 15.U.S. CDC SAYS DELIVERED 375,186,675 DOSES OF COVID-19 VACCINE AS OF JUNE 16 VERSUS 374,865,165 DOSES DELIVERED AS OF JUNE 15.U.S. CDC SAYS ADMINISTERED 312,915,170 DOSES OF COVID-19 VACCINE AS OF JUNE 16 VERSUS 311,886,674 DOSES ADMINISTERED AS OF JUNE 15.U.S. CDC SAYS 175,053,401 INDIVIDUALS HAVE RECEIVED AT LEAST ONE DOSE OF COVID-19 VACCINE AS OF JUNE 16 VERSUS 174,674,144 INDIVIDUALS AS OF JUNE 15.Further company coverage: JNJ.N. ((Reuters.Briefs@thomsonreuters.com;)).",1,0,0,0,0,1,0,0,"",0,"",0,"",0,"",0,"",0,"",0,"",0
66,"2021-07-07","U.S. CDC Says Administered 331,651,464 Doses Of Covid-19 Vaccine As Of July 7; Codexis Earns Milestone Payment From GlaxoSmithKline; U.S. CDC Says Administered 331,651,464 Doses Of Covid-19 Vaccine As Of July 7","Regulatory; Strategic Combinations; Regulatory","July 7 (Reuters) - U.S. CDC::U.S. CDC SAYS ADMINISTERED 331,651,464 DOSES OF COVID-19 VACCINE AS OF JULY 7 VERSUS 331,214,347 DOSES ADMINISTERED AS OF JULY 6.U.S. CDC SAYS DELIVERED 383,068,740 DOSES OF COVID-19 VACCINE AS OF JULY 7.U.S. CDC SAYS 157,908,171 INDIVIDUALS HAVE BEEN FULLY VACCINATED AGAINST COVID-19 AS OF JULY 7 VERSUS 157,636,088 INDIVIDUALS AS OF JULY 6.U.S. CDC SAYS 182,896,080 INDIVIDUALS HAVE RECEIVED AT LEAST ONE DOSE OF COVID-19 VACCINE AS OF JULY 7 VERSUS 182,714,064 INDIVIDUALS AS OF JULY 6. ((Reuters.Briefs@thomsonreuters.com;)).; July 7 (Reuters) - Codexis Inc ::CODEXIS EARNS MILESTONE PAYMENT FROM GLAXOSMITHKLINE.CODEXIS INC - MILESTONE, WHICH WAS EXPECTED IN SECOND HALF OF 2021, WAS RECORDED AS REVENUE IN Q2.; July 7 (Reuters) - U.S. CDC::U.S. CDC SAYS ADMINISTERED 331,651,464 DOSES OF COVID-19 VACCINE AS OF JULY 7 VERSUS 331,214,347 DOSES ADMINISTERED AS OF JULY 6.U.S. CDC SAYS DELIVERED 383,068,740 DOSES OF COVID-19 VACCINE AS OF JULY 7.U.S. CDC SAYS 157,908,171 INDIVIDUALS HAVE BEEN FULLY VACCINATED AGAINST COVID-19 AS OF JULY 7 VERSUS 157,636,088 INDIVIDUALS AS OF JULY 6.U.S. CDC SAYS 182,896,080 INDIVIDUALS HAVE RECEIVED AT LEAST ONE DOSE OF COVID-19 VACCINE AS OF JULY 7 VERSUS 182,714,064 INDIVIDUALS AS OF JULY 6. ((Reuters.Briefs@thomsonreuters.com;)).",1,0,0,0,0,1,1,0,"",0,"",0,"",0,"",0,"",0,"",0,"",0
67,"2021-07-12","U.S. CDC Says Administered 334,600,770 Doses Of Covid-19 Vaccine As Of July 12; U.S. CDC Says Administered 334,600,770 Doses Of Covid-19 Vaccine As Of July 12; FDA Says Reports Of Adverse Events After Janssen Covid-19 Vaccine Use Under Eua Suggest Increased Risk Of Guillain-Barré Syndrome In 42 Days After Vaccination","Regulatory; Regulatory; Products","July 12 (Reuters) - U.S. CDC::U.S. CDC SAYS ADMINISTERED 334,600,770 DOSES OF COVID-19 VACCINE AS OF JULY 12 VERSUS 334,151,648 DOSES ADMINISTERED AS OF JULY 11.U.S. CDC SAYS 184,365,333 INDIVIDUALS HAVE RECEIVED AT LEAST ONE DOSE OF COVID-19 VACCINE AS OF JULY 12 VERSUS 184,132,768 INDIVIDUALS AS OF JULY 11.U.S. CDC SAYS 159,499,224 INDIVIDUALS HAVE BEEN FULLY VACCINATED AGAINST COVID-19 AS OF JULY 12 VERSUS 159,266,536 INDIVIDUALS AS OF JULY 11. ((Reuters.Briefs@thomsonreuters.com;)).; July 12 (Reuters) - U.S. CDC::U.S. CDC SAYS ADMINISTERED 334,600,770 DOSES OF COVID-19 VACCINE AS OF JULY 12 VERSUS 334,151,648 DOSES ADMINISTERED AS OF JULY 11.U.S. CDC SAYS 184,365,333 INDIVIDUALS HAVE RECEIVED AT LEAST ONE DOSE OF COVID-19 VACCINE AS OF JULY 12 VERSUS 184,132,768 INDIVIDUALS AS OF JULY 11.U.S. CDC SAYS 159,499,224 INDIVIDUALS HAVE BEEN FULLY VACCINATED AGAINST COVID-19 AS OF JULY 12 VERSUS 159,266,536 INDIVIDUALS AS OF JULY 11. ((Reuters.Briefs@thomsonreuters.com;)).; July 12 (Reuters) - Johnson & Johnson ::FDA SAYS REPORTS OF ADVERSE EVENTS AFTER JANSSEN COVID-19 VACCINE USE UNDER EUA SUGGEST INCREASED RISK OF GUILLAIN-BARRÉ SYNDROME IN 42 DAYS AFTER VACCINATION.FDA SAYS GRANTED JANSSEN'S REQUEST AFTER REVIEWING CHANGES & DATA TO SUPPORT REVISIONS TO EUA FACT SHEETS, CHANGES TO INCLUDE INFORMATION ABOUT GUILLAIN-BARRÉ SYNDROME.",1,0,0,0,0,1,0,0,"",0,"",0,"",0,"",0,"",0,"",0,"",0
68,"2021-07-27","U.S. CDC Says Delivered 395,460,845 Doses Of COVID-19 Vaccine As Of July 27; U.S. CDC Says Delivered 395,460,845 Doses Of COVID-19 Vaccine As Of July 27; Sanofi provides update on Avalglucosidase Alfa EU submission","Regulatory; Regulatory; Regulatory, Other Pre-Announcement","July 27 (Reuters) - U.S. CDC::U.S. CDC SAYS DELIVERED 395,460,845 DOSES OF COVID-19 VACCINE AS OF JULY 27 VERSUS 394,949,575 DOSES DELIVERED AS OF JULY 26.U.S. CDC SAYS ADMINISTERED 342,607,540 DOSES OF COVID-19 VACCINE AS OF JULY 27 VERSUS 342,212,051 DOSES ADMINISTERED AS OF JULY 26.U.S. CDC SAYS 188,996,475 INDIVIDUALS HAVE RECEIVED AT LEAST ONE DOSE OF COVID-19 VACCINE AS OF JULY 27 VERSUS 188,729,282 INDIVIDUALS AS OF JULY 26.U.S. CDC SAYS 163,312,474 INDIVIDUALS HAVE BEEN FULLY VACCINATED AGAINST COVID-19 AS OF JULY 27 VERSUS 163,173,366 INDIVIDUALS AS OF JULY 26. ((Reuters.Briefs@thomsonreuters.com;)).; July 27 (Reuters) - U.S. CDC::U.S. CDC SAYS DELIVERED 395,460,845 DOSES OF COVID-19 VACCINE AS OF JULY 27 VERSUS 394,949,575 DOSES DELIVERED AS OF JULY 26.U.S. CDC SAYS ADMINISTERED 342,607,540 DOSES OF COVID-19 VACCINE AS OF JULY 27 VERSUS 342,212,051 DOSES ADMINISTERED AS OF JULY 26.U.S. CDC SAYS 188,996,475 INDIVIDUALS HAVE RECEIVED AT LEAST ONE DOSE OF COVID-19 VACCINE AS OF JULY 27 VERSUS 188,729,282 INDIVIDUALS AS OF JULY 26.U.S. CDC SAYS 163,312,474 INDIVIDUALS HAVE BEEN FULLY VACCINATED AGAINST COVID-19 AS OF JULY 27 VERSUS 163,173,366 INDIVIDUALS AS OF JULY 26. ((Reuters.Briefs@thomsonreuters.com;)).; July 27 (Reuters) - Sanofi SA ::SANOFI PROVIDES UPDATE ON AVALGLUCOSIDASE ALFA EU SUBMISSION FOR PATIENTS WITH POMPE DISEASE.EUROPEAN MEDICINES AGENCY'S (EMA) COMMITTEE FOR MEDICINAL PRODUCTS FOR HUMAN USE (CHMP) HAS ADOPTED A POSITIVE OPINION FOR AVALGLUCOSIDASE ALFA, A LONG-TERM ENZYME REPLACEMENT THERAPY FOR TREATMENT OF PEOPLE WITH POMPE DISEASE..CHMP POSITIVE OPINION AND RECOMMENDED INDICATION REFLECT ROBUST DATA FROM AVALGLUCOSIDASE ALFA'S CLINICAL DEVELOPMENT PROGRAM.CHMP CONSIDERED THAT AVALGLUCOSIDASE ALFA DOES NOT QUALIFY AS A NEW ACTIVE SUBSTANCE (NAS).AS A RESULT, SANOFI WILL BE REQUESTING A RE-EXAMINATION OF CHMP OPINION IN RELATION TO NAS CONCLUSION.",1,1,0,0,0,1,0,0,"",0,"",0,"",0,"",0,"",0,"",0,"",0
69,"2021-08-03","U.S. CDC Says Delivered 401,229,975 Doses Of Covid-19 Vaccine As Of Aug 3; Moderna Receives FDA Fast Track Designation For Respiratory Syncytial Virus (RSV) Vaccine (mRNA-1345); U.S. CDC Says Delivered 401,229,975 Doses Of Covid-19 Vaccine As Of Aug 3","Regulatory; Products; Regulatory","Aug 3 (Reuters) - U.S. CDC::U.S. CDC SAYS DELIVERED 401,229,975 DOSES OF COVID-19 VACCINE AS OF AUG 3 VERSUS 400,674,965 DOSES DELIVERED AS OF AUG 2.U.S. CDC SAYS ADMINISTERED 347,377,149 DOSES OF COVID-19 VACCINE AS OF AUG 3 VERSUS 346,924,345 DOSES ADMINISTERED AS OF AUG 2.U.S. CDC SAYS 192,120,576 INDIVIDUALS HAVE RECEIVED AT LEAST ONE DOSE OF COVID-19 VACCINE AS OF AUG 3 VERSUS 191,818,585 INDIVIDUALS AS OF AUG 2.U.S. CDC SAYS 165,081,416 INDIVIDUALS HAVE BEEN FULLY VACCINATED AGAINST COVID-19 AS OF AUG 3 VERSUS 164,919,666 INDIVIDUALS AS OF AUG 2. ((Reuters.Briefs@thomsonreuters.com;)).; Aug 3 (Reuters) - Moderna Inc ::MODERNA RECEIVES FDA FAST TRACK DESIGNATION FOR RESPIRATORY SYNCYTIAL VIRUS (RSV) VACCINE (MRNA-1345).MODERNA - INTENDS TO EVALUATE COMBINATIONS OF MRNA-1345 WITH ITS VACCINES AGAINST OTHER RESPIRATORY PATHOGENS IN CHILDREN & SEPARATELY IN OLDER ADULTS.MODERNA INC - MODERNA OWNS WORLDWIDE COMMERCIAL RIGHTS TO MRNA; Aug 3 (Reuters) - U.S. CDC::U.S. CDC SAYS DELIVERED 401,229,975 DOSES OF COVID-19 VACCINE AS OF AUG 3 VERSUS 400,674,965 DOSES DELIVERED AS OF AUG 2.U.S. CDC SAYS ADMINISTERED 347,377,149 DOSES OF COVID-19 VACCINE AS OF AUG 3 VERSUS 346,924,345 DOSES ADMINISTERED AS OF AUG 2.U.S. CDC SAYS 192,120,576 INDIVIDUALS HAVE RECEIVED AT LEAST ONE DOSE OF COVID-19 VACCINE AS OF AUG 3 VERSUS 191,818,585 INDIVIDUALS AS OF AUG 2.U.S. CDC SAYS 165,081,416 INDIVIDUALS HAVE BEEN FULLY VACCINATED AGAINST COVID-19 AS OF AUG 3 VERSUS 164,919,666 INDIVIDUALS AS OF AUG 2. ((Reuters.Briefs@thomsonreuters.com;)).",1,0,1,0,0,1,0,0,"",0,"",0,"",0,"",0,"",0,"",0,"",0
70,"2021-08-06","FDA Approves Sanofi's Late-Onset Pompe Disease Treatment; FDA Approves New Treatment For Pompe Disease; EMA's PRAC Recommends Updating Product Info Of J&J COVID-19 Vaccine To Include Immune Thrombocytopenia As Adverse Reaction; U.S. CDC Says Delivered 405,102,715 Doses Of COVID-19 Vaccine As Of Aug 6; EMA's PRAC Recommends Updating Product Info Of J&J COVID-19 Vaccine To Include Immune Thrombocytopenia As Adverse Reaction; U.S. CDC Says Delivered 405,102,715 Doses Of COVID-19 Vaccine As Of Aug 6","Products; Products; Products, Regulatory; Regulatory; Products, Regulatory; Regulatory","Aug 6 (Reuters) - Sanofi SA ::REG-FDA APPROVES NEXVIAZYME® (AVALGLUCOSIDASE ALFA-NGPT), AN IMPORTANT NEW TREATMENT OPTION FOR LATE-ONSET POMPE DISEASE nL4N2PD3DE.; Aug 6 (Reuters) - FDA::FDA APPROVES NEW TREATMENT FOR POMPE DISEASE.FDA SAYS IT GRANTED APPROVAL OF NEXVIAZYME TO GENZYME CORPORATION FOR TREATMENT FOR POMPE DISEASE.Further company coverage: SASY.PA. ((Reuters.Briefs@thomsonreuters.com;)).; Aug 6 (Reuters) - European Medicines Agency::EMA: PRAC RECOMMENDED UPDATING PRODUCT INFORMATION OF COVID-19 VACCINE JANSSEN TO INCLUDE IMMUNE THROMBOCYTOPENIA AS AN ADVERSE REACTION.EMA: NO CAUSAL ASSOCIATION BETWEEN COVID-19 VACCINES AND MENSTRUAL DISORDERS HAS BEEN ESTABLISHED SO FAR.EMA: SIDE EFFECTS LIKE WEAKNESS OF EXTREMETIES ARE VERY RARE WITH ASTRA SHOT; BENEFIT-RISK BALANCE OF ASTRA SHOT REMAINS UNCHANGED.EMA-PRAC REQUESTED VAXZEVRIA MARKETING AUTHORISATION HOLDER TO PROVIDE ADDITIONAL DATA, TO CLARIFY FURTHER UPDATES TO PRODUCT INFORMATION ARE NECESSARY.Further company coverage: AZN.LJNJ.N. ((Reuters.Briefs@thomsonreuters.com;)).; Aug 6 (Reuters) - U.S. CDC::U.S. CDC SAYS DELIVERED 405,102,715 DOSES OF COVID-19 VACCINE AS OF AUG 6 VERSUS 403,047,945 DOSES DELIVERED AS OF AUG 5.U.S. CDC SAYS ADMINISTERED 349,787,479 DOSES OF COVID-19 VACCINE AS OF AUG 6 VERSUS 348,966,419 DOSES ADMINISTERED AS OF AUG 5.U.S. CDC SAYS 193,764,457 INDIVIDUALS HAVE RECEIVED AT LEAST ONE DOSE OF COVID-19 VACCINE AS OF AUG 6 VERSUS 193,199,353 INDIVIDUALS AS OF AUG 5.U.S. CDC SAYS 165,918,256 INDIVIDUALS HAVE BEEN FULLY VACCINATED AGAINST COVID-19 AS OF AUG 6 VERSUS 165,637,566 INDIVIDUALS AS OF AUG 5. ((Reuters.Briefs@thomsonreuters.com;)).; Aug 6 (Reuters) - European Medicines Agency::EMA: PRAC RECOMMENDED UPDATING PRODUCT INFORMATION OF COVID-19 VACCINE JANSSEN TO INCLUDE IMMUNE THROMBOCYTOPENIA AS AN ADVERSE REACTION.EMA: NO CAUSAL ASSOCIATION BETWEEN COVID-19 VACCINES AND MENSTRUAL DISORDERS HAS BEEN ESTABLISHED SO FAR.EMA: SIDE EFFECTS LIKE WEAKNESS OF EXTREMETIES ARE VERY RARE WITH ASTRA SHOT; BENEFIT-RISK BALANCE OF ASTRA SHOT REMAINS UNCHANGED.EMA-PRAC REQUESTED VAXZEVRIA MARKETING AUTHORISATION HOLDER TO PROVIDE ADDITIONAL DATA, TO CLARIFY FURTHER UPDATES TO PRODUCT INFORMATION ARE NECESSARY.Further company coverage: AZN.LJNJ.N. ((Reuters.Briefs@thomsonreuters.com;)).; Aug 6 (Reuters) - U.S. CDC::U.S. CDC SAYS DELIVERED 405,102,715 DOSES OF COVID-19 VACCINE AS OF AUG 6 VERSUS 403,047,945 DOSES DELIVERED AS OF AUG 5.U.S. CDC SAYS ADMINISTERED 349,787,479 DOSES OF COVID-19 VACCINE AS OF AUG 6 VERSUS 348,966,419 DOSES ADMINISTERED AS OF AUG 5.U.S. CDC SAYS 193,764,457 INDIVIDUALS HAVE RECEIVED AT LEAST ONE DOSE OF COVID-19 VACCINE AS OF AUG 6 VERSUS 193,199,353 INDIVIDUALS AS OF AUG 5.U.S. CDC SAYS 165,918,256 INDIVIDUALS HAVE BEEN FULLY VACCINATED AGAINST COVID-19 AS OF AUG 6 VERSUS 165,637,566 INDIVIDUALS AS OF AUG 5. ((Reuters.Briefs@thomsonreuters.com;)).",1,1,0,1,0,1,0,0,"",0,"",0,"",0,"",0,"",0,"",0,"FDA Approves Sanofi's Late-Onset Pompe Disease Treatment; FDA Approves New Treatment For Pompe Disease; EMA's PRAC Recommends Updating Product Info Of J&J COVID-19 Vaccine To Include Immune Thrombocytopenia As Adverse Reaction; U.S. CDC Says Delivered 405,102,715 Doses Of COVID-19 Vaccine As Of Aug 6; EMA's PRAC Recommends Updating Product Info Of J&J COVID-19 Vaccine To Include Immune Thrombocytopenia As Adverse Reaction; U.S. CDC Says Delivered 405,102,715 Doses Of COVID-19 Vaccine As Of Aug 6",1
71,"2021-08-16","Pfizer And Biontech To Submit Initial Data To FDA To Support Booster Dose Of COVID-19 Vaccine; HLS Therapeutics Announces Promotional Agreement With Pfizer For Vascepa; Pfizer And BioNtech Announce Submission Of Initial Data To U.S. FDA To Support Booster Dose Of Covid-19 Vaccine; Pfizer And Biontech To Submit Initial Data To FDA To Support Booster Dose Of COVID-19 Vaccine; WHO Says Falsified Covishield Vaccine Identified In Africa, South-East Asia; Pfizer Inc Files Prospectus Supplement Related To Offering Of Notes Due 2031, Size Not Disclosed; Novavax Appoints Biopharmaceutical Veterans Jim Kelly As Chief Financial Officer; Pfizer And BioNtech Announce Submission Of Initial Data To U.S. FDA To Support Booster Dose Of Covid-19 Vaccine; Fibrogen Announces Retirement Of Pat Cotroneo And Appointment Of Juan Graham As CFO","Products, Restructuring / Reorganization; Strategic Combinations, Earnings Announcements; Products; Products, Restructuring / Reorganization; Regulatory; Debt Financing / Related; Officer Changes; Products; Officer Changes","Aug 16 (Reuters) - BIONTECH SE ::PFIZER AND BIONTECH ANNOUNCE SUBMISSION OF INITIAL DATA TO U.S. FDA TO SUPPORT BOOSTER DOSE OF COVID-19 VACCINE.PHASE 1 SAFETY AND IMMUNOGENICITY DATA IN INDIVIDUALS WHO RECEIVED A THIRD DOSE OF PFIZER-BIONTECH VACCINE (BNT162B2) SHOW A FAVORABLE SAFETY PROFILE AND ROBUST IMMUNE RESPONSES.BOOSTER DOSE ELICITED SIGNIFICANTLY HIGHER NEUTRALIZING ANTIBODY TITERS AGAINST INITIAL SARS-COV-2 VIRUS (WILD-TYPE), AND BETA AND DELTA VARIANTS, COMPARED TO LEVELS OBSERVED AFTER TWO-DOSE PRIMARY SERIES.AFTER BOOSTER DOSE, NEUTRALIZING TITERS FOR VARIANTS WERE SIMILAR TO WILD-TYPE.GIVEN HIGH LEVELS OF IMMUNE RESPONSES OBSERVED, A BOOSTER DOSE GIVEN WITHIN 6 TO 12 MONTHS AFTER PRIMARY VACCINATION SCHEDULE MAY HELP MAINTAIN A HIGH LEVEL OF PROTECTION AGAINST COVID-19.THESE DATA ALSO WILL BE SUBMITTED TO EUROPEAN MEDICINES AGENCY (EMA) AND OTHER REGULATORY AUTHORITIES IN COMING WEEKS.; Aug 16 (Reuters) - HLS Therapeutics Inc ::HLS THERAPEUTICS ANNOUNCES PROMOTIONAL AGREEMENT WITH PFIZER FOR VASCEPA® IN CANADA.HLS THERAPEUTICS INC - HLS WILL CONTINUE TO FOCUS PRIMARILY ON SPECIALISTS WHILE PFIZER WILL FOCUS PRIMARILY ON PRIMARY CARE PHYSICIANS.HLS THERAPEUTICS - UNDER AGREEMENT, PFIZER WILL DEPLOY A TEAM ACROSS CANADA TO SUPPORT EDUCATION ABOUT VASCEPA WITH PRIMARY CARE PHYSICIAN GROUPS.HLS THERAPEUTICS - HLS WILL RETAIN RESPONSIBILITY OVER VASCEPA'S COMMERCIALIZATION AND WILL RECORD ALL REVENUE RELATED TO VASCEPA SALES IN CANADA.; Aug 16 (Reuters) - Pfizer Inc : :PFIZER AND BIONTECH ANNOUNCE SUBMISSION OF INITIAL DATA TO U.S. FDA TO SUPPORT BOOSTER DOSE OF COVID-19 VACCINE.PFIZER - PHASE 1 SAFETY, IMMUNOGENICITY DATA IN INDIVIDUALS WHO GOT A THIRD DOSE OF PFIZER-BIONTECH VACCINE SHOW FAVORABLE SAFETY PROFILE, ROBUST IMMUNE RESPONSES.PFIZER - A BOOSTER DOSE GIVEN WITHIN 6 TO 12 MONTHS AFTER PRIMARY VACCINATION SCHEDULE MAY HELP MAINTAIN A HIGH LEVEL OF PROTECTION AGAINST COVID-19.PFIZER INC - AFTER BOOSTER DOSE, NEUTRALIZING TITERS FOR VARIANTS WERE SIMILAR TO WILD-TYPE.PFIZER - PHASE 1 DATA WILL BE SUBMITTED TO EUROPEAN MEDICINES AGENCY AND OTHER REGULATORY AUTHORITIES IN COMING WEEKS.PFIZER - A BOOSTER VACCINE COULD HELP REDUCE INFECTION AND DISEASE RATES IN PEOPLE WHO HAVE PREVIOUSLY BEEN VACCINATED.PFIZER INC - PARTICIPANTS RECEIVED A 30-ΜG BOOSTER DOSE OF BNT162B2 8 TO 9 MONTHS AFTER RECEIVING SECOND DOSE.PFIZER INC - PHASE 3 RESULTS EVALUATING THIRD DOSE ARE EXPECTED SHORTLY AND WILL BE SUBMITTED TO FDA, EMA AND OTHER REGULATORY AUTHORITIES WORLDWIDE.PFIZER INC - PHASE 3 RESULTS EVALUATING THIRD DOSE ARE EXPECTED SHORTLY AND WILL BE SUBMITTED TO FDA, EMA AND OTHER REGULATORY AUTHORITIES WORLDWIDE.; Aug 16 (Reuters) - BIONTECH SE ::PFIZER AND BIONTECH ANNOUNCE SUBMISSION OF INITIAL DATA TO U.S. FDA TO SUPPORT BOOSTER DOSE OF COVID-19 VACCINE.PHASE 1 SAFETY AND IMMUNOGENICITY DATA IN INDIVIDUALS WHO RECEIVED A THIRD DOSE OF PFIZER-BIONTECH VACCINE (BNT162B2) SHOW A FAVORABLE SAFETY PROFILE AND ROBUST IMMUNE RESPONSES.BOOSTER DOSE ELICITED SIGNIFICANTLY HIGHER NEUTRALIZING ANTIBODY TITERS AGAINST INITIAL SARS-COV-2 VIRUS (WILD-TYPE), AND BETA AND DELTA VARIANTS, COMPARED TO LEVELS OBSERVED AFTER TWO-DOSE PRIMARY SERIES.AFTER BOOSTER DOSE, NEUTRALIZING TITERS FOR VARIANTS WERE SIMILAR TO WILD-TYPE.GIVEN HIGH LEVELS OF IMMUNE RESPONSES OBSERVED, A BOOSTER DOSE GIVEN WITHIN 6 TO 12 MONTHS AFTER PRIMARY VACCINATION SCHEDULE MAY HELP MAINTAIN A HIGH LEVEL OF PROTECTION AGAINST COVID-19.THESE DATA ALSO WILL BE SUBMITTED TO EUROPEAN MEDICINES AGENCY (EMA) AND OTHER REGULATORY AUTHORITIES IN COMING WEEKS.; Aug 16 (Reuters) - World Health Organization: :WHO - FALSIFIED COVISHIELD VACCINE IDENTIFIED IN WHO REGIONS OF AFRICA AND SOUTH-EAST ASIA.Further company coverage: AZN.L. ((Reuters.Briefs@thomsonreuters.com;)).; Aug 16 (Reuters) - Pfizer Inc ::PFIZER INC FILES PROSPECTUS SUPPLEMENT RELATED TO OFFERING OF NOTES DUE 2031, SIZE NOT DISCLOSED - SEC FILING.; Aug 16 (Reuters) - Novavax Inc ::NOVAVAX APPOINTS BIOPHARMACEUTICAL VETERANS JIM KELLY AS CHIEF FINANCIAL OFFICER AND NASIR EGAL, PH.D., AS SENIOR VICE PRESIDENT OF QUALITY ASSURANCE.NOVAVAX APPOINTS BIOPHARMACEUTICAL VETERANS JIM KELLY AS CHIEF FINANCIAL OFFICER AND NASIR EGAL, PH.D., AS SENIOR VICE PRESIDENT OF QUALITY ASSURANCE.NOVAVAX INC - ANNOUNCED APPOINTMENT OF JIM KELLY AS EXECUTIVE VICE PRESIDENT, CHIEF FINANCIAL OFFICER (CFO) AND TREASURER.; Aug 16 (Reuters) - Pfizer Inc : :PFIZER AND BIONTECH ANNOUNCE SUBMISSION OF INITIAL DATA TO U.S. FDA TO SUPPORT BOOSTER DOSE OF COVID-19 VACCINE.PFIZER - PHASE 1 SAFETY, IMMUNOGENICITY DATA IN INDIVIDUALS WHO GOT A THIRD DOSE OF PFIZER-BIONTECH VACCINE SHOW FAVORABLE SAFETY PROFILE, ROBUST IMMUNE RESPONSES.PFIZER - A BOOSTER DOSE GIVEN WITHIN 6 TO 12 MONTHS AFTER PRIMARY VACCINATION SCHEDULE MAY HELP MAINTAIN A HIGH LEVEL OF PROTECTION AGAINST COVID-19.PFIZER INC - AFTER BOOSTER DOSE, NEUTRALIZING TITERS FOR VARIANTS WERE SIMILAR TO WILD-TYPE.PFIZER - PHASE 1 DATA WILL BE SUBMITTED TO EUROPEAN MEDICINES AGENCY AND OTHER REGULATORY AUTHORITIES IN COMING WEEKS.PFIZER - A BOOSTER VACCINE COULD HELP REDUCE INFECTION AND DISEASE RATES IN PEOPLE WHO HAVE PREVIOUSLY BEEN VACCINATED.PFIZER INC - PARTICIPANTS RECEIVED A 30-ΜG BOOSTER DOSE OF BNT162B2 8 TO 9 MONTHS AFTER RECEIVING SECOND DOSE.PFIZER INC - PHASE 3 RESULTS EVALUATING THIRD DOSE ARE EXPECTED SHORTLY AND WILL BE SUBMITTED TO FDA, EMA AND OTHER REGULATORY AUTHORITIES WORLDWIDE.PFIZER INC - PHASE 3 RESULTS EVALUATING THIRD DOSE ARE EXPECTED SHORTLY AND WILL BE SUBMITTED TO FDA, EMA AND OTHER REGULATORY AUTHORITIES WORLDWIDE.; Aug 16 (Reuters) - FibroGen Inc ::FIBROGEN ANNOUNCES RETIREMENT OF PAT COTRONEO AND APPOINTMENT OF JUAN GRAHAM AS CHIEF FINANCIAL OFFICER.FIBROGEN INC - GRAHAM WAS MOST RECENTLY GLOBAL CHIEF FINANCIAL OFFICER / VICE PRESIDENT FINANCE SUPPLY CHAIN AT JOHNSON & JOHNSON INC.FIBROGEN INC - GRAHAM WILL BECOME CHIEF FINANCIAL OFFICER EFFECTIVE SEPTEMBER 7, 2021.",1,0,0,1,1,1,0,1,"",0,"",0,"",0,"",0,"",0,"",0,"",0
72,"2021-08-19","Australia's TGA Says Estimated That Supply In Australia Of Vaxzevria-Branded Product Will Commence In Late 2021; Janssen Presents Phase 1 Results For Rybrevant™ In Treatment Of Patients With Advanced Non-Small Cell Lung Cancer; Johnson & Johnson Names Joaquin Duato As Chief Executive Officer","Regulatory; Regulatory; Officer Changes","Aug 19 (Reuters) - AUSTRALIA'S TGA::AUSTRALIA'S TGA - AT THIS STAGE, IT IS ESTIMATED THAT SUPPLY IN AUSTRALIA OF THE VAXZEVRIA-BRANDED PRODUCT WILL COMMENCE IN LATE 2021.AUSTRALIA'S TGA - AT THIS STAGE, IT IS ESTIMATED THAT SUPPLY IN AUSTRALIA OF THE VAXZEVRIA-BRANDED PRODUCT WILL COMMENCE IN LATE 2021.Further company coverage: AZN.L. ((Reuters.Briefs@thomsonreuters.com;)).; Aug 19 (Reuters) - Janssen Pharmaceutical Companies::JANSSEN PRESENTS PHASE 1 RESULTS FOR RYBREVANT™ (AMIVANTAMAB-VMJW) IN TREATMENT OF PATIENTS WITH ADVANCED NON-SMALL CELL LUNG CANCER WITH MET EXON 14 SKIPPING MUTATIONS.JANSSEN - INITIAL DATA IN STUDY SHOWED ANTI-TUMOR ACTIVITY IN PATIENTS WITH METEX14 MUTATIONS.JANSSEN - INITIAL DATA SHOWED SAFETY PROFILE CONSISTENT WITH REPORTED EXPERIENCE AT APPROVED CHRYSALIS PHASE 2 DOSE.; Aug 19 (Reuters) - Johnson & Johnson ::ALEX GORSKY TO SERVE AS EXECUTIVE CHAIRMAN AND TRANSITION ROLE OF CHIEF EXECUTIVE OFFICER OF JOHNSON & JOHNSON TO JOAQUIN DUATO, EFFECTIVE JANUARY 3, 2022.J&J - FOLLOWING TRANSITION OF CHIEF EXECUTIVE OFFICER ROLE, DUATO WILL ALSO BE APPOINTED AS A MEMBER OF COMPANY'S BOARD OF DIRECTORS.ALEX GORSKY TO SERVE AS EXECUTIVE CHAIRMAN AND TRANSITION ROLE OF CHIEF EXECUTIVE OFFICER OF JOHNSON & JOHNSON TO JOAQUIN DUATO, EFFECTIVE JANUARY 3, 2022.",1,0,0,1,0,0,0,0,"Australia's TGA Says Estimated That Supply In Australia Of Vaxzevria-Branded Product Will Commence In Late 2021; Janssen Presents Phase 1 Results For Rybrevant™ In Treatment Of Patients With Advanced Non-Small Cell Lung Cancer; Johnson & Johnson Names Joaquin Duato As Chief Executive Officer",1,"",0,"",0,"",0,"",0,"",0,"",0
73,"2021-08-24","U.S. CDC Says Delivered 428,528,965 Doses Of COVID-19 Vaccine As Of Aug 23; U.S. CDC Says Delivered 428,529,385 Doses Of Covid-19 Vaccine As Of Aug 24; U.S. CDC Says Delivered 428,528,965 Doses Of COVID-19 Vaccine As Of Aug 23; EMA Approves Increase In Biontech/Pfizer And Moderna COVID-19 Vaccine Making Capacity; Janssen - FDA Approves Expanded Pad Indication For Xarelto Plus Aspirin To Include Patients After LER Due To Symptomatic Pad; EMA Approves Increase In Biontech/Pfizer And Moderna COVID-19 Vaccine Making Capacity; U.S. CDC Says Delivered 428,529,385 Doses Of Covid-19 Vaccine As Of Aug 24","Regulatory; Regulatory; Regulatory; Products, Regulatory; Products; Products, Regulatory; Regulatory","Aug 23 (Reuters) - :U.S. CDC SAYS DELIVERED 428,528,965 DOSES OF COVID-19 VACCINE AS OF AUG 23 VERSUS 428,531,345 DOSES DELIVERED AS OF AUG 22.U.S. CDC SAYS 201,718,587 INDIVIDUALS HAVE RECEIVED AT LEAST ONE DOSE OF COVID-19 VACCINE AS OF AUG 23 VERSUS 201,425,785 INDIVIDUALS AS OF AUG 22.U.S. CDC SAYS ADMINISTERED 363,267,789 DOSES OF COVID-19 VACCINE AS OF AUG 23 VERSUS 362,657,771 DOSES ADMINISTERED AS OF AUG 22.U.S. CDC SAYS 171,088,954 INDIVIDUALS HAVE BEEN FULLY VACCINATED AGAINST COVID-19 AS OF AUG 23 VERSUS 170,821,621 INDIVIDUALS AS OF AUG 22.; Aug 24 (Reuters) - U.S. CDC::U.S. CDC SAYS DELIVERED 428,529,385 DOSES OF COVID-19 VACCINE AS OF AUG 24 VERSUS 428,528,965 DOSES DELIVERED AS OF AUG 23.U.S. CDC SAYS ADMINISTERED 363,915,792 DOSES OF COVID-19 VACCINE AS OF AUG 24 VERSUS 363,267,789 DOSES ADMINISTERED AS OF AUG 23.U.S. CDC SAYS 202,041,893 INDIVIDUALS HAVE RECEIVED AT LEAST ONE DOSE OF COVID-19 VACCINE AS OF AUG 24 VERSUS 201,718,587 INDIVIDUALS AS OF AUG 23.U.S. CDC SAYS 171,367,657 INDIVIDUALS HAVE BEEN FULLY VACCINATED AGAINST COVID-19 AS OF AUG 24 VERSUS 171,088,954 INDIVIDUALS AS OF AUG 23. ((Reuters.Briefs@thomsonreuters.com;)).; Aug 23 (Reuters) - :U.S. CDC SAYS DELIVERED 428,528,965 DOSES OF COVID-19 VACCINE AS OF AUG 23 VERSUS 428,531,345 DOSES DELIVERED AS OF AUG 22.U.S. CDC SAYS 201,718,587 INDIVIDUALS HAVE RECEIVED AT LEAST ONE DOSE OF COVID-19 VACCINE AS OF AUG 23 VERSUS 201,425,785 INDIVIDUALS AS OF AUG 22.U.S. CDC SAYS ADMINISTERED 363,267,789 DOSES OF COVID-19 VACCINE AS OF AUG 23 VERSUS 362,657,771 DOSES ADMINISTERED AS OF AUG 22.U.S. CDC SAYS 171,088,954 INDIVIDUALS HAVE BEEN FULLY VACCINATED AGAINST COVID-19 AS OF AUG 23 VERSUS 170,821,621 INDIVIDUALS AS OF AUG 22.; Aug 24 (Reuters) - European Medicines Agency::EMA: EMA: INCREASE IN VACCINE MANUFACTURING CAPACITY FOR COVID-19 VACCINES FROM BIONTECH / PFIZER AND MODERNA.EMA SAYS EMA'S HUMAN MEDICINES COMMITTEE (CHMP) HAS ADOPTED RECOMMENDATIONS THAT WILL INCREASE MANUFACTURING CAPACITY AND SUPPLY OF COVID-19 VACCINES IN EU..EMA: SAINT REMY SUR AVRE, FRANCE SITE WILL ALLOW TO PROVIDE APPROXIMATELY UP TO 51 MILLION ADDITIONAL DOSES OF PFIZER SHOT IN 2021.EMA: CHMP HAS ALSO APPROVED AN ADDITIONAL MANUFACTURING SITE FOR THE PRODUCTION OF SPIKEVAX, THE COVID-19 VACCINE DEVELOPED BY MODERNA.EMA SAYS HAS ALSO APPROVED A NEW MANUFACTURING LINE AT BIONTECH'S MANUFACTURING SITE IN MARBURG, GERMANY.EMA SAYS CHMP HAS ALSO APPROVED AN ADDITIONAL MANUFACTURING SITE FOR PRODUCTION OF SPIKEVAX, COVID-19 VACCINE DEVELOPED BY MODERNA..EMA -CHMP HAS ALSO APPROVED SEVERAL ALTERNATIVE SITES RESPONSIBLE FOR BATCH CONTROL/TESTING AND PACKAGING OF FINISHED PRODUCT MANUFACTURED BY CATALENT..EMA SAYS RECOMMENDATIONS DO NOT REQUIRE A EUROPEAN COMMISSION DECISION AND SITES CAN BECOME OPERATIONAL IMMEDIATELY..EMA: APPROVED NEW MANUFACTURING LINE AT BIONTECH'S MANUFACTURING SITE IN MARBURG, WHICH INCREASES ACTIVE SUBSTANCE MANUFACTURING CAPACITY BY ABOUT 410 MLN DOSES IN 2021. ((Reuters.Briefs@thomsonreuters.c; Aug 24 (Reuters) - Johnson & Johnson ::FDA APPROVES EXPANDED PERIPHERAL ARTERY DISEASE (PAD) INDICATION FOR XARELTO® (RIVAROXABAN) PLUS ASPIRIN TO INCLUDE PATIENTS AFTER LOWER-EXTREMITY REVASCULARIZATION (LER) DUE TO SYMPTOMATIC PAD.JANSSEN - FDA APPROVES EXPANDED PAD INDICATION FOR XARELTO PLUS ASPIRIN TO INCLUDE PATIENTS AFTER LER DUE TO SYMPTOMATIC PAD.; Aug 24 (Reuters) - European Medicines Agency::EMA: EMA: INCREASE IN VACCINE MANUFACTURING CAPACITY FOR COVID-19 VACCINES FROM BIONTECH / PFIZER AND MODERNA.EMA SAYS EMA'S HUMAN MEDICINES COMMITTEE (CHMP) HAS ADOPTED RECOMMENDATIONS THAT WILL INCREASE MANUFACTURING CAPACITY AND SUPPLY OF COVID-19 VACCINES IN EU..EMA: SAINT REMY SUR AVRE, FRANCE SITE WILL ALLOW TO PROVIDE APPROXIMATELY UP TO 51 MILLION ADDITIONAL DOSES OF PFIZER SHOT IN 2021.EMA: CHMP HAS ALSO APPROVED AN ADDITIONAL MANUFACTURING SITE FOR THE PRODUCTION OF SPIKEVAX, THE COVID-19 VACCINE DEVELOPED BY MODERNA.EMA SAYS HAS ALSO APPROVED A NEW MANUFACTURING LINE AT BIONTECH'S MANUFACTURING SITE IN MARBURG, GERMANY.EMA SAYS CHMP HAS ALSO APPROVED AN ADDITIONAL MANUFACTURING SITE FOR PRODUCTION OF SPIKEVAX, COVID-19 VACCINE DEVELOPED BY MODERNA..EMA -CHMP HAS ALSO APPROVED SEVERAL ALTERNATIVE SITES RESPONSIBLE FOR BATCH CONTROL/TESTING AND PACKAGING OF FINISHED PRODUCT MANUFACTURED BY CATALENT..EMA SAYS RECOMMENDATIONS DO NOT REQUIRE A EUROPEAN COMMISSION DECISION AND SITES CAN BECOME OPERATIONAL IMMEDIATELY..EMA: APPROVED NEW MANUFACTURING LINE AT BIONTECH'S MANUFACTURING SITE IN MARBURG, WHICH INCREASES ACTIVE SUBSTANCE MANUFACTURING CAPACITY BY ABOUT 410 MLN DOSES IN 2021. ((Reuters.Briefs@thomsonreuters.com;)).; Aug 24 (Reuters) - U.S. CDC::U.S. CDC SAYS DELIVERED 428,529,385 DOSES OF COVID-19 VACCINE AS OF AUG 24 VERSUS 428,528,965 DOSES DELIVERED AS OF AUG 23.U.S. CDC SAYS ADMINISTERED 363,915,792 DOSES OF COVID-19 VACCINE AS OF AUG 24 VERSUS 363,267,789 DOSES ADMINISTERED AS OF AUG 23.U.S. CDC SAYS 202,041,893 INDIVIDUALS HAVE RECEIVED AT LEAST ONE DOSE OF COVID-19 VACCINE AS OF AUG 24 VERSUS 201,718,587 INDIVIDUALS AS OF AUG 23.U.S. CDC SAYS 171,367,657 INDIVIDUALS HAVE BEEN FULLY VACCINATED AGAINST COVID-19 AS OF AUG 24 VERSUS 171,088,954 INDIVIDUALS AS OF AUG 23. ((Reuters.Briefs@thomsonreuters.com;)).",1,0,1,0,0,1,0,0,"",0,"",0,"",0,"",0,"",0,"",0,"U.S. CDC Says Delivered 428,528,965 Doses Of COVID-19 Vaccine As Of Aug 23; U.S. CDC Says Delivered 428,529,385 Doses Of Covid-19 Vaccine As Of Aug 24; U.S. CDC Says Delivered 428,528,965 Doses Of COVID-19 Vaccine As Of Aug 23; EMA Approves Increase In Biontech/Pfizer And Moderna COVID-19 Vaccine Making Capacity; Janssen - FDA Approves Expanded Pad Indication For Xarelto Plus Aspirin To Include Patients After LER Due To Symptomatic Pad; EMA Approves Increase In Biontech/Pfizer And Moderna COVID-19 Vaccine Making Capacity; U.S. CDC Says Delivered 428,529,385 Doses Of Covid-19 Vaccine As Of Aug 24",1
74,"2021-09-27","U.S. CDC Says Delivered 471,818,715 Doses Of Covid-19 Vaccine As Of Sept 27; Uk's MHRA Says Vaccine Shelf Life For Pfizer COVID-19 Vaccine Extended From 6 Months To 9 Months; Uk's MHRA Says Vaccine Shelf Life For Pfizer COVID-19 Vaccine Extended From 6 Months To 9 Months; Pfizer Starts Global Phase 2/3 EPIC-PEP Study Of Novel Covid-19 Oral Antiviral Candidate For Post-Exposure Prophylaxis In Adults; U.S. CDC Says Delivered 471,818,715 Doses Of Covid-19 Vaccine As Of Sept 27","Regulatory; Regulatory; Regulatory; Products, Regulatory; Regulatory","Sept 27 (Reuters) - U.S. CDC::U.S. CDC SAYS DELIVERED 471,818,715 DOSES OF COVID-19 VACCINE AS OF SEPT 27 VERSUS 471,814,235 DOSES DELIVERED AS OF SEPT 26.U.S. CDC SAYS ADMINISTERED 390,664,923 DOSES OF COVID-19 VACCINE AS OF SEPT 27 VERSUS 390,114,328 DOSES ADMINISTERED AS OF SEPT 26.U.S. CDC SAYS 213,657,193 INDIVIDUALS HAVE RECEIVED AT LEAST ONE DOSE OF COVID-19 VACCINE AS OF SEPT 27 VERSUS 213,456,787 INDIVIDUALS AS OF SEPT 26.U.S. CDC SAYS 183,888,907 INDIVIDUALS HAVE BEEN FULLY VACCINATED AGAINST COVID-19 AS OF SEPT 27 VERSUS 183,670,870 INDIVIDUALS AS OF SEPT 26.U.S. CDC SAYS 2.78 MILLION PEOPLE RECEIVED AN ADDITIONAL COVID-19 VACCINE DOSE SINCE AUGUST 13, 2021. ((Reuters.Briefs@thomsonreuters.com;)).; Sept 27 (Reuters) - UK's Medicines and Healthcare products Regulatory Agency::UK'S MHRA - EXTENDED VACCINE SHELF LIFE FOR PFIZER COVID-19 VACCINE FROM 6 MONTHS TO NOW 9 MONTHS..Further company coverage: PFE.N. ((Reuters.Briefs@thomsonreuters.com;)).; Sept 27 (Reuters) - UK's Medicines and Healthcare products Regulatory Agency::UK'S MHRA - EXTENDED VACCINE SHELF LIFE FOR PFIZER COVID-19 VACCINE FROM 6 MONTHS TO NOW 9 MONTHS..Further company coverage: PFE.N. ((Reuters.Briefs@thomsonreuters.com;)).; Sept 27 (Reuters) - Pfizer Inc ::PFIZER STARTS GLOBAL PHASE 2/3 EPIC-PEP STUDY OF NOVEL COVID-19 ORAL ANTIVIRAL CANDIDATE FOR POST-EXPOSURE PROPHYLAXIS IN ADULTS.PFIZER INC - RESULTS FROM PHASE 1 CLINICAL TRIAL DEMONSTRATED THAT PF-07321332 WAS SAFE AND WELL TOLERATED.PFIZER INC - NEW STUDY WILL EVALUATE NOVEL PROTEASE INHIBITOR FOR PREVENTION OF ILLNESS IN ADULTS LIVING IN SAME HOUSEHOLD AS SOMEONE WITH COVID-19.PFIZER INC - PRIMARY OBJECTIVE WILL ASSESS SAFETY AND EFFICACY FOR PREVENTION OF CONFIRMED SARS-COV-2 INFECTION AND ITS SYMPTOMS THROUGH DAY 14.PFIZER - PHASE 2/3 EPIC-PEP TRIAL IS RANDOMIZED, DOUBLE-BLIND, PLACEBO-CONTROLLED STUDY, TO ENROLL UP TO 2,660 HEALTHY ADULT PARTICIPANTS AGED 18 & OLDER.PFIZER - GLOBAL EPIC PROGRAM CONSISTS OF MULTIPLE ONGOING CLINICAL TRIALS, INCLUDING 1 IN SARS-COV-2 INFECTED PATIENTS AT HIGH RISK OF SEVERE ILLNESS.; Sept 27 (Reuters) - U.S. CDC::U.S. CDC SAYS DELIVERED 471,818,715 DOSES OF COVID-19 VACCINE AS OF SEPT 27 VERSUS 471,814,235 DOSES DELIVERED AS OF SEPT 26.U.S. CDC SAYS ADMINISTERED 390,664,923 DOSES OF COVID-19 VACCINE AS OF SEPT 27 VERSUS 390,114,328 DOSES ADMINISTERED AS OF SEPT 26.U.S. CDC SAYS 213,657,193 INDIVIDUALS HAVE RECEIVED AT LEAST ONE DOSE OF COVID-19 VACCINE AS OF SEPT 27 VERSUS 213,456,787 INDIVIDUALS AS OF SEPT 26.U.S. CDC SAYS 183,888,907 INDIVIDUALS HAVE BEEN FULLY VACCINATED AGAINST COVID-19 AS OF SEPT 27 VERSUS 183,670,870 INDIVIDUALS AS OF SEPT 26.U.S. CDC SAYS 2.78 MILLION PEOPLE RECEIVED AN ADDITIONAL COVID-19 VACCINE DOSE SINCE AUGUST 13, 2021. ((Reuters.Briefs@thomsonreuters.com;)).",1,0,0,0,0,1,0,1,"",0,"",0,"",0,"",0,"",0,"",0,"",0
75,"2021-09-28","Pfizer’S Covid-19 Vaccine For Kids May Not Be FDA Authorized Before November - WSJ; Pfizer’S Covid-19 Vaccine For Kids May Not Be FDA Authorized Before November - WSJ; Sanofi Announces Positive Phase 1/2 Interim Results For Its First mRNA-Based Vaccine Candidate; Valneva, Pfizer Update On Phase 2 Results For Lyme Disease Vaccine Candidate; GSK's ViiV Healthcare To Develop Next-Gen HIV Treatments With Shionogi; Sanofi Announces Positive Phase 1/2 Interim Results For Its First mRNA-Based Vaccine Candidate","Products; Products; Products, Regulatory, Earnings Announcements; Products, Regulatory, Earnings Announcements; Products; Products, Regulatory, Earnings Announcements","Sept 28 (Reuters) - :PFIZER’S COVID-19 VACCINE FOR KIDS MAY NOT BE FDA AUTHORIZED BEFORE NOVEMBER - WSJ.Further company coverage: PFE.N. ((Reuters.Briefs@thomsonreuters.com;)).; Sept 28 (Reuters) - :PFIZER’S COVID-19 VACCINE FOR KIDS MAY NOT BE FDA AUTHORIZED BEFORE NOVEMBER - WSJ.Further company coverage: PFE.N. ((Reuters.Briefs@thomsonreuters.com;)).; Sept 28 (Reuters) - Sanofi ::SANOFI ANNOUNCES POSITIVE PHASE 1/2 STUDY INTERIM RESULTS FOR ITS FIRST MRNA-BASED VACCINE CANDIDATE.HIGH SEROCONVERSION ACROSS THREE DOSAGES TESTED AND COMPARABLE TOLERABILITY TO OTHER UNMODIFIED MRNA COVID-19 VACCINESF&B.NOW ACCELERATING TRANSFORMATION OF ACQUIRED PLATFORM TO MODIFIED MRNA AND TARGETING A MODIFIED QUADRIVALENT FLU MRNA VACCINE IN CLINIC IN 2022.ANNOUNCES POSITIVE PHASE 1/2 STUDY INTERIM RESULTS FOR ITS FIRST MRNA-BASED VACCINE CANDIDATE.INITIAL DATA FROM PHASE 1/2 SHOWED NEUTRALIZING ANTIBODY SEROCONVERSION (DEFINED AS 4-FOLD INCREASE VERSUS BASELINE) IN 91% TO 100% OF STUDY PARTICIPANTS, TWO WEEKS AFTER A SECOND INJECTION, ACROSS ALL 3 DOSAGES TESTED.NO SAFETY CONCERN HAS BEEN OBSERVED AND TOLERABILITY PROFILE IS COMPARABLE TO THAT OF OTHER UNMODIFIED MRNA COVID-19 VACCINES.FURTHER DATA FROM THIS FIRST STUDY OF SANOFI'S MRNA PLATFORM WILL BE PRESENTED AT A LATER DATE.TARGETING 2022 INITIATION OF ITS CLINICAL STUDIES FOR AN INFLUENZA VACCINE WITH MODIFIED MRNA, SANOFI LAUNCHED A PHASE 1 CLINICAL TRIAL IN JUNE 2021.CONTINUES ITS EFFORTS IN FIGHT AGAINST COVID-19 PANDEMIC WITH ITS ADJUVANTED RECOMBINANT PROTEIN CANDIDATE VACCINE.EVALUATING AN MRNA-BASED INVESTIGATIONAL VACCINE AGAINST SEASONAL INFLUENZA.TRIAL WILL EVALUATE SAFETY AND IMMUNOGENICITY OF A MONOVALENT FLU VACCINE CANDIDATE CODING FOR HEMAGGLUTININ PROTEIN OF A/H3N2 STRAIN OF INFLUENZA VIRUS ACROSS TWO FORMULATIONS (MRT5400 AND MRT5401) WITH DIFFERENT LIPID NANOPARTICLES.; Sept 28 (Reuters) - Valneva Se ::REG-VALNEVA AND PFIZER REPORT FURTHER POSITIVE PHASE 2 RESULTS, INCLUDING BOOSTER RESPONSE, FOR LYME DISEASE VACCINE CANDIDATE.VLA15 WAS SAFE AND WELL-TOLERATED ACROSS ALL DOSES AND AGE GROUPS TESTED. NO RELATED SERIOUS ADVERSE EVENTS (SAES) WERE OBSERVED IN ANY TREATMENT GROUP.VLA15'S ACCEPTABLE SAFETY PROFILE WAS CONFIRMED THROUGH ONE-MONTH POST-BOOSTER.AND PFIZER ANNOUNCED FURTHER POSITIVE PHASE 2 RESULTS, INCLUDING BOOSTER RESPONSE, FOR LYME DISEASE VACCINE CANDIDATE VLA15.STUDY IS CONTINUING TO MONITOR PERSISTENCE OF ANTIBODY RESPONSES.EXCITED BY THESE ADDITIONAL PHASE 2 RESULTS, WHICH WE BELIEVE TAKE US A STEP CLOSER TO MAJOR CONTRIBUTION AGAINST THIS SEVERE DISEASE, SUBJECT TO APPROVAL..PFIZER EXEC: THESE POSITIVE RESULTS OF PHASE 2 VLA15-202 STUDY REPRESENT ANOTHER IMPORTANT MILESTONE IN DEVELOPMENT OF VLA15.Further company coverage: . (Gdansk Newsroom). ((Gdansk.newsroom@thomsonreuters.com; +48 58 778 51 10;)).; Sept 28 (Reuters) - GlaxoSmithKline PLC ::VIIV HEALTHCARE ANNOUNCES EXCLUSIVE LICENSE AGREEMENT WITH SHIONOGI TO DEVELOP THIRD-GENERATION HIV INTEGRASE INHIBITOR WITH POTENTIAL FOR ULTRA LONG-ACTING DOSING INTERVALS.GSK - S-365598 AIMS TO BUILD ON SUCCESS OF DOLUTEGRAVIR AND CABOTEGRAVIR WITH POTENTIAL TO ANCHOR NEXT GENERATION OF LONG-ACTING THERAPIES FOR HIV.GSK - VIIV WILL MAKE UPFRONT PAYMENT OF £20 MILLION TO SHIONOGI, £15 MILLION PAYMENT FOR ACHIEVEMENT OF CLINICAL DEVELOPMENT MILESTONE, ROYALTIES ON NET SALES.GSK - VIIV HEALTHCARE AND SHIONOGI INTEND TO INITIATE FIRST TIME IN HUMAN STUDIES WITH S-365598 BY 2023..Further company coverage: GSK.L. ((Reuters.Briefs@thomsonreuters.com;)).; Sept 28 (Reuters) - Sanofi ::SANOFI ANNOUNCES POSITIVE PHASE 1/2 STUDY INTERIM RESULTS FOR ITS FIRST MRNA-BASED VACCINE CANDIDATE.HIGH SEROCONVERSION ACROSS THREE DOSAGES TESTED AND COMPARABLE TOLERABILITY TO OTHER UNMODIFIED MRNA COVID-19 VACCINESF&B.NOW ACCELERATING TRANSFORMATION OF ACQUIRED PLATFORM TO MODIFIED MRNA AND TARGETING A MODIFIED QUADRIVALENT FLU MRNA VACCINE IN CLINIC IN 2022.ANNOUNCES POSITIVE PHASE 1/2 STUDY INTERIM RESULTS FOR ITS FIRST MRNA-BASED VACCINE CANDIDATE.INITIAL DATA FROM PHASE 1/2 SHOWED NEUTRALIZING ANTIBODY SEROCONVERSION (DEFINED AS 4-FOLD INCREASE VERSUS BASELINE) IN 91% TO 100% OF STUDY PARTICIPANTS, TWO WEEKS AFTER A SECOND INJECTION, ACROSS ALL 3 DOSAGES TESTED.NO SAFETY CONCERN HAS BEEN OBSERVED AND TOLERABILITY PROFILE IS COMPARABLE TO THAT OF OTHER UNMODIFIED MRNA COVID-19 VACCINES.FURTHER DATA FROM THIS FIRST STUDY OF SANOFI'S MRNA PLATFORM WILL BE PRESENTED AT A LATER DATE.TARGETING 2022 INITIATION OF ITS CLINICAL STUDIES FOR AN INFLUENZA VACCINE WITH MODIFIED MRNA, SANOFI LAUNCHED A PHASE 1 CLINICAL TRIAL IN JUNE 2021.CONTINUES ITS EFFORTS IN FIGHT AGAINST COVID-19 PANDEMIC WITH ITS ADJUVANTED RECOMBINANT PROTEIN CANDIDATE VACCINE.EVALUATING AN MRNA-BASED INVESTIGATIONAL VACCINE AGAINST SEASONAL INFLUENZA.TRIAL WILL EVALUATE SAFETY AND IMMUNOGENICITY OF A MONOVALENT FLU VACCINE CANDIDATE CODING FOR HEMAGGLUTININ PROTEIN OF A/H3N2 STRAIN OF INFLUENZA VIRUS ACROSS TWO FORMULATIONS (MRT5400 AND MRT5401) WITH DIFFERENT LIPID NANOPARTICLES.",0,1,0,0,0,1,1,1,"",0,"",0,"",0,"",0,"",0,"",0,"",0
76,"2021-10-05","AstraZeneca Files For U.S. Approval Of Drug To Prevent COVID-19; Johnson & Johnson Announces Submission Of Emergency Use Authorization Amendment To The U.S. FDA To Support Booster Of Its Single-Shot COVID-19 Vaccine; U.S. CDC Says Delivered 479,356,915 Doses Of COVID-19 Vaccine As Of Oct 5; U.S. CDC Says Delivered 479,356,915 Doses Of COVID-19 Vaccine As Of Oct 5","Regulatory; Products; Regulatory; Regulatory","Oct 5 (Reuters) - AstraZeneca PLC ::AZD7442 REQUEST FOR EMERGENCY USE AUTHORIZATION FOR COVID-19 PROPHYLAXIS FILED IN US, 5 OCTOBER 2021.ASTRAZENECA - EUA REQUEST FILING INCLUDES SAFETY AND EFFICACY DATA FROM THE PROVENT AND STORM CHASER PHASE III TRIALS AND THE PHASE I TRIAL..ASTRAZENECA: FILING INCLUDES DATA FROM PROVENT PHASE III TRIAL SHOWING 77% REDUCTION IN RISK OF DEVELOPING SYMPTOMATIC COVID-19 WITH LONG-ACTING ANTIBODY COMBINATION.ASTRAZENECA - DISCUSSIONS REGARDING SUPPLY AGREEMENTS FOR AZD7442 ARE ONGOING WITH THE US GOVERNMENT AS WELL AS OTHER GOVERNMENTS AROUND THE WORLD..ASTRAZENECA - PRELIMINARY ‘IN VITRO’ FINDINGS DEMONSTRATE THAT AZD7442 DEMONSTRATES BROAD ANTI-COVID ACTIVITY,.Further company coverage: AZN.L. ((Reuters.Briefs@thomsonreuters.com;)).; Oct 5 (Reuters) - Johnson & Johnson ::JOHNSON & JOHNSON ANNOUNCES SUBMISSION OF EMERGENCY USE AUTHORIZATION AMENDMENT TO THE U.S. FDA TO SUPPORT BOOSTER OF ITS SINGLE-SHOT COVID-19 VACCINE.J&J - COMPANY'S SINGLE-SHOT VACCINE HAS DEMONSTRATED STRONG AND LONG-LASTING PROTECTION AND DURABLE IMMUNE RESPONSES IN CLINICAL STUDIES.J&J - SUBSTANTIAL INCREASE IN IMMUNE RESPONSE WHEN BOOSTER WAS GIVEN AT SIX MONTHS.J&J - SUBMISSION INCLUDES DATA SHOWING A BOOSTER INCREASED PROTECTION TO 94 PERCENT AGAINST MODERATE TO SEVERE/CRITICAL COVID-19 IN U.S..J&J - DATA CONSISTENT WITH PHASE 3 ENSEMBLE TRIAL, WHERE STRONG PROTECTION AGAINST SEVERE/CRITICAL DISEASE.J&J - CO PLANS TO SUBMIT DATA TO OTHER REGULATORS, WORLD HEALTH ORGANIZATION (WHO) & NATIONAL IMMUNIZATION TECHNICAL ADVISORY GROUPS WORLDWIDE.J&J - VACCINE, WHEN GIVEN AS A BOOSTER OR PRIMARY DOSE, WAS GENERALLY WELL-TOLERATED.J&J - NO EVIDENCE OF REDUCED EFFECTIVENESS OVER STUDY DURATION FROM MARCH TO JULY 31, 2021..; Oct 5 (Reuters) - U.S. CDC::U.S. CDC SAYS DELIVERED 479,356,915 DOSES OF COVID-19 VACCINE AS OF OCT 5 VERSUS 478,392,765 DOSES DELIVERED AS OF OCT 4.U.S. CDC SAYS ADMINISTERED 397,718,055 DOSES OF COVID-19 VACCINE AS OF OCT 5 VERSUS 396,919,564 DOSES ADMINISTERED AS OF OCT 4.U.S. CDC SAYS 215,737,487 INDIVIDUALS HAVE RECEIVED AT LEAST ONE DOSE OF COVID-19 VACCINE AS OF OCT 5 VERSUS 215,502,382 INDIVIDUALS AS OF OCT 4.U.S. CDC SAYS 186,060,146 INDIVIDUALS HAVE BEEN FULLY VACCINATED AGAINST COVID-19 AS OF OCT 5 VERSUS 185,788,098 INDIVIDUALS AS OF OCT 4.U.S. CDC SAYS AS OF OCTOBER 5, 6,008,449 PEOPLE RECEIVED A BOOSTER DOSE FOR COVID-19 VACCINE SINCE AUGUST 13, 2021. ((Reuters.Briefs@thomsonreuters.com;)).; Oct 5 (Reuters) - U.S. CDC::U.S. CDC SAYS DELIVERED 479,356,915 DOSES OF COVID-19 VACCINE AS OF OCT 5 VERSUS 478,392,765 DOSES DELIVERED AS OF OCT 4.U.S. CDC SAYS ADMINISTERED 397,718,055 DOSES OF COVID-19 VACCINE AS OF OCT 5 VERSUS 396,919,564 DOSES ADMINISTERED AS OF OCT 4.U.S. CDC SAYS 215,737,487 INDIVIDUALS HAVE RECEIVED AT LEAST ONE DOSE OF COVID-19 VACCINE AS OF OCT 5 VERSUS 215,502,382 INDIVIDUALS AS OF OCT 4.U.S. CDC SAYS 186,060,146 INDIVIDUALS HAVE BEEN FULLY VACCINATED AGAINST COVID-19 AS OF OCT 5 VERSUS 185,788,098 INDIVIDUALS AS OF OCT 4.U.S. CDC SAYS AS OF OCTOBER 5, 6,008,449 PEOPLE RECEIVED A BOOSTER DOSE FOR COVID-19 VACCINE SINCE AUGUST 13, 2021. ((Reuters.Briefs@thomsonreuters.com;)).",1,0,0,1,0,1,0,0,"",0,"AstraZeneca Files For U.S. Approval Of Drug To Prevent COVID-19; Johnson & Johnson Announces Submission Of Emergency Use Authorization Amendment To The U.S. FDA To Support Booster Of Its Single-Shot COVID-19 Vaccine; U.S. CDC Says Delivered 479,356,915 Doses Of COVID-19 Vaccine As Of Oct 5; U.S. CDC Says Delivered 479,356,915 Doses Of COVID-19 Vaccine As Of Oct 5",1,"",0,"",0,"",0,"",0,"",0
77,"2021-10-08","Janssen Submits Application Seeking FDA Approval Of Stelara For The Treatment Of Pediatric Patients With Juvenile Psoriatic Arthritis; U.S. CDC ACIP To Meet On Oct. 20-21 To Discuss Covid-19 Vaccine Boosters For Modern, J&J; FDA Says Distribution Of Authorized Sotrovimab Will Be Controlled By U.S. Government; Mabion Signs $372 Commercial Scale Production Deal With Novavax; U.S. CDC ACIP To Meet On Oct. 20-21 To Discuss Covid-19 Vaccine Boosters For Modern, J&J","Products; Regulatory; Products; Business Deals; Regulatory","Oct 8 (Reuters) - Johnson & Johnson ::JANSSEN SUBMITS APPLICATION SEEKING FDA APPROVAL OF STELARA (USTEKINUMAB) FOR THE TREATMENT OF PEDIATRIC PATIENTS WITH JUVENILE PSORIATIC ARTHRITIS.JANSSEN- SUBMISSION OF SBLA TO FDA SEEKING EXPANDED APPROVAL OF STELARA TO TREAT PEDIATRIC PATIENTS AGE 5 YRS, OLDER WITH JUVENILE PSORIATIC ARTHRITIS.; Oct 8 (Reuters) - U.S. CDC :CDC - INDEPENDENT ADVISORY COMMITTEE ON IMMUNIZATION PRACTICES PLANS TO MEET ON OCT. 20-21 TO DISCUSS COVID-19 VACCINE BOOSTERS FOR MODERN, J&J.CDC - ACIP WILL MEET ON NOVEMBER 2-3 TO DISCUSS PEDIATRIC COVID-19 VACCINATION.Further company coverage: JNJ.N. ((Reuters.Briefs@thomsonreuters.com;)).; Oct 8 (Reuters) - U.S. FDA::FDA SAYS IS REISSUING MAY 26, 2021 LETTER IN ITS ENTIRETY, TO REFLECT THAT DISTRIBUTION OF AUTHORIZED SOTROVIMAB WILL BE CONTROLLED BY U.S. GOVERNMENT.; Oct 8 (Reuters) - Mabion SA ::SAYS SIGNS COMMERCIAL SCALE PRODUCTION DEAL WITH NOVOVAX.SAYS TOTAL VALUE OF AGREEMENT IS $372 MLN.SAYS DEAL TO RUN FROM 2022-2025.SAYS WILL PRODUCE ANTIGENE FOR COVID-19 VACCINE.SAYS DEAL IS UNCONDITIONAL AND IS NOT DEPENDENT ON VACCINE REGISTRATION PROCEDURES.SAYS DEAL IS TO BE CARRIED OUT AND SETTLED ON A PER BATCH BASIS FOR AN AGREED PRICE PER SERIES.SAYS COMMERCIAL SCALE MANUFACTURING IN GMP STANDARD TO START IN DEC.; Oct 8 (Reuters) - U.S. CDC :CDC - INDEPENDENT ADVISORY COMMITTEE ON IMMUNIZATION PRACTICES PLANS TO MEET ON OCT. 20-21 TO DISCUSS COVID-19 VACCINE BOOSTERS FOR MODERN, J&J.CDC - ACIP WILL MEET ON NOVEMBER 2-3 TO DISCUSS PEDIATRIC COVID-19 VACCINATION.Further company coverage: JNJ.N. ((Reuters.Briefs@thomsonreuters.c",1,0,1,0,1,0,1,0,"",0,"Janssen Submits Application Seeking FDA Approval Of Stelara For The Treatment Of Pediatric Patients With Juvenile Psoriatic Arthritis; U.S. CDC ACIP To Meet On Oct. 20-21 To Discuss Covid-19 Vaccine Boosters For Modern, J&J; FDA Says Distribution Of Authorized Sotrovimab Will Be Controlled By U.S. Government; Mabion Signs $372 Commercial Scale Production Deal With Novavax; U.S. CDC ACIP To Meet On Oct. 20-21 To Discuss Covid-19 Vaccine Boosters For Modern, J&J",1,"",0,"",0,"",0,"",0,"",0
78,"2021-10-12","GSK Says 'Far Advanced' With Plan For Separation Of Consumer Unit; Johnson & Johnson Chief Scientific Officer Paul Stoffels To Retire; Moderna Inc Announces Covax Exercises Option To Purchase 176.5 Mln Additional Doses Of ModernaÕS COVID-19 Vaccine For Low Income Countries; GlaxoSmithKline's Consumer Unit Is Drawing Interest From Private Equity Firms - Bloomberg News; Johnson & Johnson Names Jessica Moore As Vice President Of Investor Relations","Mergers / Acquisitions; Regulatory; Earnings Announcements; Divestitures / Spin-offs; Regulatory","Oct 12 (Reuters) - GlaxoSmithKline PLC ::GSK SAYS 'GSK IS FAR ADVANCED WITH ITS PLAN FOR THE SEPARATION OF CONSUMER HEALTHCARE'.GSK SAYS 'PLANS TO DELIVER THE DEMERGER ARE WELL-ADVANCED AND WE ARE FIRMLY ON TRACK TO MEET OUR MID-2022 TIMELINE'.GSK SAYS FEEDBACK FROM SHAREHOLDERS IS THAT THEY ARE VERY KEEN TO OWN NEW CONSUMER HEALTHCARE COMPANY AS LISTED ENTITY.GSK SAYS WILL FULFIL FIDUCIARY DUTIES TO EVALUATE ANY ALTERNATIVE OPTIONS FOR CONSUMER HEALTHCARE.Further company coverage: GSK.L. ((Reuters.Briefs@thomsonreuters.com;)).; Oct 12 (Reuters) - Johnson & Johnson ::DR. PAUL STOFFELS, VICE CHAIRMAN OF THE EXECUTIVE COMMITTEE AND CHIEF SCIENTIFIC OFFICER OF JOHNSON & JOHNSON TO RETIRE, EFFECTIVE DECEMBER 31, 2021.; Oct 12 (Reuters) - Moderna Inc ::MODERNA ANNOUNCES COVAX EXERCISES OPTION TO PURCHASE 176.5 MILLION ADDITIONAL DOSES OF MODERNAÕS COVID-19 VACCINE FOR LOW INCOME COUNTRIES IN FIRST HALF OF 2022.MODERNA INC - COVAX HAS OPTIONS TO PURCHASE AN ADDITIONAL 233 MILLION DOSES IN SECOND HALF OF 2022.MODERNA INC - REQUESTED AUTHORIZATION OF A 50 _G BOOSTER DOSE FROM GLOBAL REGULATORS.MODERNA INC - 116.5 MILLION DOSES ARE EXPECTED TO BE DELIVERED IN Q1 OF 2022 AND 60 MILLION DOSES ARE EXPECTED TO BE DELIVERED IN Q2 OF 2022.MODERNA - MORE THAN 210 MILLION DOSES HAVE NOW BEEN PURCHASED BY COVAX FOR DELIVERY TO LOW INCOME COUNTRIES, INCLUDING 34 MILLION DOSES TO BE DELIVERED IN Q4.MODERNA -THROUGH LONG-TERM AGREEMENT, UNICEF, ITS PROCUREMENT PARTNERS PROVIDED ACCESS TO UP TO 500 MILLION DOSES OF MODERNA COVID-19 VACCINE THROUGH 2022.MODERNA INC - IN DISCUSSIONS TO ALLOCATE AND SUPPLY COVID-19 VACCINE TO SELF-FINANCING PARTICIPANTS IN F; Oct 12 (Reuters) - :PRIVATE EQUITY FIRMS CIRCLE GLAXOSMITHKLINE’S $54 BILLION CONSUMER ARM - BLOOMBERG NEWS.POTENTIAL SUITORS FOR GLAXOSMITHKLINE’S $54 BILLION CONSUMER ARM INCLUDE ADVENT, CVC, KKR - BLOOMBERG NEWS.BLACKSTONE INC, CARLYLE GROUP, PERMIRA ALSO AMONG POTENTIAL SUITORS EVALUATING GSK'S CONSUMER ARM - BLOOMBERG NEWS.Further company coverage: BX.N. ((Reuters.Briefs@thomsonreuters.com;)).; Oct 12 (Reuters) - Johnson & Johnson ::JOHNSON & JOHNSON ANNOUNCES JESSICA MOORE AS VICE PRESIDENT OF INVESTOR RELATIONS.",1,0,1,0,0,0,1,0,"",0,"",0,"",0,"GSK Says 'Far Advanced' With Plan For Separation Of Consumer Unit; Johnson & Johnson Chief Scientific Officer Paul Stoffels To Retire; Moderna Inc Announces Covax Exercises Option To Purchase 176.5 Mln Additional Doses Of ModernaÕS COVID-19 Vaccine For Low Income Countries; GlaxoSmithKline's Consumer Unit Is Drawing Interest From Private Equity Firms - Bloomberg News; Johnson & Johnson Names Jessica Moore As Vice President Of Investor Relations",1,"GSK Says 'Far Advanced' With Plan For Separation Of Consumer Unit; Johnson & Johnson Chief Scientific Officer Paul Stoffels To Retire; Moderna Inc Announces Covax Exercises Option To Purchase 176.5 Mln Additional Doses Of ModernaÕS COVID-19 Vaccine For Low Income Countries; GlaxoSmithKline's Consumer Unit Is Drawing Interest From Private Equity Firms - Bloomberg News; Johnson & Johnson Names Jessica Moore As Vice President Of Investor Relations",1,"",0,"",0
79,"2021-10-20","U.S. CDC Says Delivered 496,915,265 Doses Of Covid-19 Vaccine As Of Oct 20; Viome Life Sciences Announces Expansion Of Collaboration With GSK; Novavax Reconfirms Confidence In Regulatory Filing Timelines And Manufacturing Quality; F-Star Therapeutics Announces License Agreement With Janssen; U.S. CDC Says Delivered 496,915,265 Doses Of Covid-19 Vaccine As Of Oct 20","Regulatory; Strategic Combinations; Regulatory; Strategic Combinations; Regulatory","Oct 20 (Reuters) - U.S. CDC::U.S. CDC SAYS DELIVERED 496,915,265 DOSES OF COVID-19 VACCINE AS OF OCT 20 VERSUS 495,844,635 DOSES DELIVERED AS OF OCT 19.U.S. CDC SAYS ADMINISTERED 410,189,737 DOSES OF COVID-19 VACCINE AS OF OCT 20 VERSUS 409,438,987 DOSES ADMINISTERED AS OF OCT 19.U.S. CDC SAYS 219,381,466 INDIVIDUALS HAVE RECEIVED AT LEAST ONE DOSE OF COVID-19 VACCINE AS OF OCT 20 VERSUS 219,161,368 INDIVIDUALS AS OF OCT 19.U.S. CDC SAYS 189,709,710 INDIVIDUALS HAVE BEEN FULLY VACCINATED AGAINST COVID-19 AS OF OCT 20 VERSUS 189,487,793 INDIVIDUALS AS OF OCT 19.U.S. CDC SAYS AS OF OCTOBER 20, 11,246,668 PEOPLE RECEIVED A BOOSTER DOSE FOR COVID-19 VACCINE SINCE AUGUST 13, 2021. ((Reuters.Briefs@thomsonreuters.com;)).; Oct 20 (Reuters) - GlaxoSmithKline PLC ::VIOME LIFE SCIENCES ANNOUNCES EXPANSION OF COLLABORATION WITH GSK INTO NEW THERAPEUTIC INTERVENTIONS FOR CANCERS AND AUTOIMMUNE DISEASES.; Oct 20 (Reuters) - Novavax Inc ::NOVAVAX RECONFIRMS CONFIDENCE IN REGULATORY FILING TIMELINES AND MANUFACTURING QUALITY.NOVAVAX INC - GLOBAL SUPPLY CHAIN IS EXPECTED TO ACHIEVE A CAPACITY OF 150 MILLION DOSES PER MONTH BY END OF FOURTH QUARTER.NOVAVAX INC - EXPECT TO COMPLETE MULTIPLE ONGOING ROLLING REGULATORY SUBMISSIONS FOR COVID-19 VACCINE WITHIN NEXT COUPLE OF WEEKS IN KEY MARKETS.NOVAVAX INC - EXPECT TO FILE FOR EMERGENCY USE AUTHORIZATION FOR COVID-19 VACCINE IN THE U.S. BEFORE THE END OF 2021.Further company coverage: NVAX.O. ((Reuters.Briefs@thomsonreuters.com;)).; Oct 20 (Reuters) - F-Star Therapeutics Inc ::F-STAR THERAPEUTICS ANNOUNCES LICENSE AGREEMENT WITH JANSSEN TO DEVELOP AND COMMERCIALIZE MULTIPLE NEXT GENERATION BISPECIFIC ANTIBODY THERAPEUTICS.F-STAR THERAPEUTICS INC - JANSSEN WILL BE RESPONSIBLE FOR ALL RESEARCH, DEVELOPMENT, AND COMMERCIALIZATION ACTIVITIES UNDER AGREEMENT.F-STAR - WILL GRANT JANSSEN WORLDWIDE, EXCLUSIVE ROYALTY-BEARING LICENSE TO DEVELOP, AND COMMERCIALIZE UP TO FIVE NOVEL BISPECIFIC ANTIBODIES.F-STAR THERAPEUTICS - ENTITLED TO RECEIVE UPFRONT FEES OF $17.5 MILLION, NEAR-TERM FEES AND POTENTIAL FURTHER MILESTONES OF UP TO $1.35 BILLION.F-STAR THERAPEUTICS - ALSO ELIGIBLE TO RECEIVE POTENTIAL TIERED MID-SINGLE DIGIT ROYALTIES ON ANNUAL NET SALES.; Oct 20 (Reuters) - U.S. CDC::U.S. CDC SAYS DELIVERED 496,915,265 DOSES OF COVID-19 VACCINE AS OF OCT 20 VERSUS 495,844,635 DOSES DELIVERED AS OF OCT 19.U.S. CDC SAYS ADMINISTERED 410,189,737 DOSES OF COVID-19 VACCINE AS OF OCT 20 VERSUS 409,438,987 DOSES ADMINISTERED AS OF OCT 19.U.S. CDC SAYS 219,381,466 INDIVIDUALS HAVE RECEIVED AT LEAST ONE DOSE OF COVID-19 VACCINE AS OF OCT 20 VERSUS 219,161,368 INDIVIDUALS AS OF OCT 19.U.S. CDC SAYS 189,709,710 INDIVIDUALS HAVE BEEN FULLY VACCINATED AGAINST COVID-19 AS OF OCT 20 VERSUS 189,487,793 INDIVIDUALS AS OF OCT 19.U.S. CDC SAYS AS OF OCTOBER 20, 11,246,668 PEOPLE RECEIVED A BOOSTER DOSE FOR COVID-19 VACCINE SINCE AUGUST 13, 2021. ((Reuters.Briefs@thomsonreuters.com;)).",1,0,0,0,1,1,1,0,"",0,"",0,"U.S. CDC Says Delivered 496,915,265 Doses Of Covid-19 Vaccine As Of Oct 20; Viome Life Sciences Announces Expansion Of Collaboration With GSK; Novavax Reconfirms Confidence In Regulatory Filing Timelines And Manufacturing Quality; F-Star Therapeutics Announces License Agreement With Janssen; U.S. CDC Says Delivered 496,915,265 Doses Of Covid-19 Vaccine As Of Oct 20",1,"",0,"",0,"",0,"",0
80,"2021-11-05","U.S. CDC Says Delivered 531,287,645 Doses Of Covid-19 Vaccine As Of Nov 5; GlaxoSmithKline Updates On Positive Phase III Data For Daprodustat; Pfizer Says In Overall Study Population Through Day 28, No Deaths Were Reported In Patients Who Received Co's Covid-19 Oral Antiviral Candidate; U.S. CDC Says Delivered 531,287,645 Doses Of Covid-19 Vaccine As Of Nov 5","Regulatory; Regulatory; Products, Regulatory, Community; Regulatory","Nov 5 (Reuters) - U.S. CDC::U.S. CDC SAYS DELIVERED 531,287,645 DOSES OF COVID-19 VACCINE AS OF NOV 5 VERSUS 528,775,895 DOSES DELIVERED AS OF NOV 4.U.S. CDC SAYS ADMINISTERED 428,006,540 DOSES OF COVID-19 VACCINE AS OF NOV 5.U.S. CDC SAYS 222,902,939 INDIVIDUALS HAVE RECEIVED AT LEAST ONE DOSE OF COVID-19 VACCINE AS OF NOV 5 VERSUS 222,591,394 INDIVIDUALS AS OF NOV 4.U.S. CDC SAYS 193,425,862 INDIVIDUALS HAVE BEEN FULLY VACCINATED AGAINST COVID-19 AS OF NOV 5 VERSUS 193,227,813 INDIVIDUALS AS OF NOV 4.U.S. CDC SAYS AS OF NOVEMBER 5, 22,271,357 PEOPLE RECEIVED A BOOSTER DOSE FOR COVID-19 VACCINE SINCE AUGUST 13, 2021. ((Reuters.Briefs@thomsonreuters.com;)).; Nov 5 (Reuters) - GlaxoSmithKline PLC ::GLAXOSMITHKLINE PLC - GSK SHARES POSITIVE PHASE III DATA FOR DAPRODUSTAT.GSK - GSK ANNOUNCES POSITIVE PHASE III EFFICACY AND SAFETY DATA FOR DAPRODUSTAT IN PATIENTS WITH ANAEMIA DUE TO CHRONIC KIDNEY DISEASE.GSK - PIVOTAL TRIALS IN NON-DIALYSIS AND DIALYSIS POPULATIONS PUBLISHED SIMULTANEOUSLY IN NEW ENGLAND JOURNAL OF MEDICINE.GSK - POSITIVE PRIMARY EFFICACY AND SAFETY RESULTS CONFIRM POTENTIAL FOR DAPRODUSTAT TO BE A NEW ORAL TREATMENT FOR PATIENTS WITH ANAEMIA DUE TO CKD.GSK - ASCEND-ND AND ASCEND-D STUDIES EACH INDEPENDENTLY MET THEIR PRIMARY EFFICACY AND SAFETY ENDPOINTS.GSK - EFFICACY RESULTS FROM BOTH PHASE III STUDIES DEMONSTRATED THAT DAPRODUSTAT IMPROVED OR MAINTAINED PATIENTS WITHIN THEIR TARGET HB RANGE.GSK - MOST COMMONLY REPORTED ADVERSE EVENTS IN PATIENTS RECEIVING DAPRODUSTAT INCLUDED HYPERTENSION, DIARRHOEA, DIALYSIS HYPOTENSION, ETC.GSK - OUTCOMES IN EACH STUDY, ACROSS TREATMENT ARMS CONFIRMED NO INCREASED CARDIOVASCULAR RISK FOR DAPRODUSTAT COMPARED TO AN ERYTHROPOIETIN STIMULATING AGENT.; Nov 5 (Reuters) - PFIZER: :PFIZER’S EXPERIMENTAL COVID-19 ORAL ANTIVIRAL TREATMENT CUT RISK OF HOSPITALIZATION OR DEATH BY 89% IN INTERIM ANALYSIS OF PHASE 2/3 STUDY.PFIZER - AT RECOMMENDATION OF INDEPENDENT SAFETY BOARD, WILL CEASE FURTHER STUDY ENROLLMENT DUE TO OVERWHELMING EFFICACY FROM INTERIM RESULTS.PFIZER - PLANS TO SUBMIT DATA FROM INTERIM ANALYSIS OF STUDY AS PART OF ONGOING ROLLING SUMISSION TO FDA FOR EUA AS SOON AS POSSIBLE.PFIZER - IN OVERALL STUDY POPULATION THROUGH DAY 28, NO DEATHS WERE REPORTED IN PATIENTS WHO RECEIVED CO'S COVID-19 ORAL ANTIVIRAL CANDIDATE.; Nov 5 (Reuters) - U.S. CDC::U.S. CDC SAYS DELIVERED 531,287,645 DOSES OF COVID-19 VACCINE AS OF NOV 5 VERSUS 528,775,895 DOSES DELIVERED AS OF NOV 4.U.S. CDC SAYS ADMINISTERED 428,006,540 DOSES OF COVID-19 VACCINE AS OF NOV 5.U.S. CDC SAYS 222,902,939 INDIVIDUALS HAVE RECEIVED AT LEAST ONE DOSE OF COVID-19 VACCINE AS OF NOV 5 VERSUS 222,591,394 INDIVIDUALS AS OF NOV 4.U.S. CDC SAYS 193,425,862 INDIVIDUALS HAVE BEEN FULLY VACCINATED AGAINST COVID-19 AS OF NOV 5 VERSUS 193,227,813 INDIVIDUALS AS OF NOV 4.U.S. CDC SAYS AS OF NOVEMBER 5, 22,271,357 PEOPLE RECEIVED A BOOSTER DOSE FOR COVID-19 VACCINE SINCE AUGUST 13, 2021. ((Reuters.Briefs@thomsonreuters.com;)).",1,0,0,0,0,1,1,0,"",0,"",0,"",0,"",0,"",0,"",0,"",0
81,"2021-11-08","U.S. CDC Says 194,001,108 Individuals Have Been Fully Vaccinated Against Covid-19 As Of Nov 8; U.S. CDC Says 194,001,108 Individuals Have Been Fully Vaccinated Against Covid-19 As Of Nov 8; Alkermes Reports Receipt Of Notices Of Partial Termination From Janssen Pharmaceutica; Syncona Limited Says Gyroscope Announces Sanofi Equity Investment","Regulatory; Regulatory; Earnings Announcements; Strategic Combinations","Nov 8 (Reuters) - U.S. CDC: :U.S. CDC SAYS ADMINISTERED 432,111,860 DOSES OF COVID-19 VACCINE AS OF NOV 8 VERSUS 430,927,624 DOSES ADMINISTERED AS OF NOV 7.U.S. CDC SAYS AS OF NOVEMBER 8, 24,795,097 PEOPLE RECEIVED A BOOSTER DOSE FOR COVID-19 VACCINE SINCE AUGUST 13, 2021.U.S. CDC SAYS DELIVERED 534,086,695 DOSES OF COVID-19 VACCINE AS OF NOV 8 VERSUS 534,081,335 DOSES DELIVERED AS OF NOV 7.U.S. CDC SAYS 223,944,369 INDIVIDUALS HAVE RECEIVED AT LEAST ONE DOSE OF COVID-19 VACCINE AS OF NOV 8 VERSUS 223,629,671 INDIVIDUALS AS OF NOV 7.U.S. CDC SAYS 194,001,108 INDIVIDUALS HAVE BEEN FULLY VACCINATED AGAINST COVID-19 AS OF NOV 8 VERSUS 193,832,584 INDIVIDUALS AS OF NOV 7.Further company coverage: JNJ.N. ((Reuters.Briefs@thomsonreuters.com;)).; Nov 8 (Reuters) - U.S. CDC: :U.S. CDC SAYS ADMINISTERED 432,111,860 DOSES OF COVID-19 VACCINE AS OF NOV 8 VERSUS 430,927,624 DOSES ADMINISTERED AS OF NOV 7.U.S. CDC SAYS AS OF NOVEMBER 8, 24,795,097 PEOPLE RECEIVED A BOOSTER DOSE FOR COVID-19 VACCINE SINCE AUGUST 13, 2021.U.S. CDC SAYS DELIVERED 534,086,695 DOSES OF COVID-19 VACCINE AS OF NOV 8 VERSUS 534,081,335 DOSES DELIVERED AS OF NOV 7.U.S. CDC SAYS 223,944,369 INDIVIDUALS HAVE RECEIVED AT LEAST ONE DOSE OF COVID-19 VACCINE AS OF NOV 8 VERSUS 223,629,671 INDIVIDUALS AS OF NOV 7.U.S. CDC SAYS 194,001,108 INDIVIDUALS HAVE BEEN FULLY VACCINATED AGAINST COVID-19 AS OF NOV 8 VERSUS 193,832,584 INDIVIDUALS AS OF NOV 7.Further company coverage: JNJ.N. ((Reuters.Briefs@thomsonreuters.com;)).; Nov 8 (Reuters) - Alkermes Plc ::ALKERMES ANNOUNCES RECEIPT OF NOTICES OF PARTIAL TERMINATION FROM JANSSEN PHARMACEUTICA.ALKERMES- TERMINATIONS IMPACT KNOW-HOW ROYALTIES RELATED TO SALES OF LONG-ACTING PALIPERIDONE PRODUCTS, AND OTHER PRODUCTS IN UNITED STATES.PURSUANT TO AGREEMENTS, PARTIAL TERMINATION IS TO BECOME EFFECTIVE THREE MONTHS FROM DATE OF RECEIPT OF NOTICES.JANSSEN MAINTAINS THAT IT HAS NOT UTILIZED, AND DOES NOT UTILIZE, ALKERMES' NANOCRYSTAL TECHNOLOGY LICENSED UNDER AGREEMENTS.; Nov 8 (Reuters) - Syncona ::LIMITED - GYROSCOPE ANNOUNCES SANOFI EQUITY INVESTMENT.SANOFI HAS COMMITTED TO INVEST UP TO $60.0 MILLION (£44.51 MILLION) IN EQUITY OF GYROSCOPE.SANOFI RESEARCH AND DEVELOPMENT EXECUTIVE WILL JOIN GYROSCOPE CLINICAL ADVISORY BOARD TO ADVISE ON MATTERS RELATED TO DEVELOPMENT OF GT005.GYROSCOPE PLANS TO USE PROCEEDS FROM INVESTMENT TO SUPPORT FUNDING OF ONGOING CLINICAL TRIALS OF GT005 IN GA.",1,1,0,0,0,1,0,0,"",0,"",0,"",0,"",0,"U.S. CDC Says 194,001,108 Individuals Have Been Fully Vaccinated Against Covid-19 As Of Nov 8; U.S. CDC Says 194,001,108 Individuals Have Been Fully Vaccinated Against Covid-19 As Of Nov 8; Alkermes Reports Receipt Of Notices Of Partial Termination From Janssen Pharmaceutica; Syncona Limited Says Gyroscope Announces Sanofi Equity Investment",1,"",0,"",0
82,"2021-11-26","Biontech/Pfizer Expect New Variant Impact Data 'Within 2 Weeks' - Economic Times Citing AFP; Biontech/Pfizer Expect New Variant Impact Data 'Within 2 Weeks' - Economic Times Citing AFP; EMA Publishes Assessment Report Supporting Recommendations For Spikevax Booster Dose","Community; Community; Regulatory","Nov 26 (Reuters) - :BIONTECH/PFIZER EXPECT NEW VARIANT IMPACT DATA 'WITHIN 2 WEEKS' - ECONOMIC TIMES CITING AFP. ((reuters.briefs@thomsonreuters.com;)).; Nov 26 (Reuters) - :BIONTECH/PFIZER EXPECT NEW VARIANT IMPACT DATA 'WITHIN 2 WEEKS' - ECONOMIC TIMES CITING AFP. ((reuters.briefs@thomsonreuters.com;)).; Nov 26 (Reuters) - EMA::EMA: EMA PUBLISHED THE ASSESSMENT REPORT SUPPORTING ITS RECOMMENDATIONS CONCERNING A BOOSTER DOSE OF SPIKEVAX: 26/11/2021. ((Reuters.Briefs@thomsonreuters.c",0,0,1,0,0,1,0,1,"",0,"",0,"",0,"",0,"",0,"",0,"Biontech/Pfizer Expect New Variant Impact Data 'Within 2 Weeks' - Economic Times Citing AFP; Biontech/Pfizer Expect New Variant Impact Data 'Within 2 Weeks' - Economic Times Citing AFP; EMA Publishes Assessment Report Supporting Recommendations For Spikevax Booster Dose",1
83,"2021-11-29","Pfizer CEO On Omicron Variant Says On Friday Made A New Template On Developing New Vaccine For Omicron- CNBC; Pfizer And Biontech Are Expected To Ask The FDA In The Coming Days To Authorize Its Booster Shot For 16- And 17-Year-Olds- Wapo; Pfizer And Biontech Are Expected To Ask The FDA In The Coming Days To Authorize Its Booster Shot For 16- And 17-Year-Olds- Wapo; Moderna CEO On Omicron Variant Says It Will Be Months Before Omicron Specific Vaccines Can Be Shipped - CNBC","Community; Products, Community; Products, Community; Community","Nov 29 (Reuters) - :PFIZER CEO ALBERT BOURLA ON OMICRON VARIANT SAYS FRIDAY WE MADE A NEW TEMPLATE ON DEVELOPING A NEW VACCINE FOR OMICRON- CNBC INTERVIEW.PFIZER CEO ALBERT BOURLA SAYS THINK WE MIGHT NEED ANNUAL VACCINATIONS TO FIGHT COVID-19 - CNBC INTERVIEW.PFIZER CEO ALBERT BOURLA SAYS CO CAN MAKE 4 BILLION DOSES OF COVID-19 VACCINE DOSES NEXT YEAR- CNBC INTERVIEW.PFIZER CEO ALBERT BOURLA SAYS IF THERE IS A NEED FOR A NEW VACCINE, WE'LL MAKE ALMOST 4 BILLION DOSES OF THE NEW VACCINE NEXT YEAR - CNBC INTERVIEW.Further company coverage: PFE.N. ((Reuters.Briefs@thomsonreuters.com;)).; Nov 29 (Reuters) - :PFIZER AND BIONTECH ARE EXPECTED TO ASK THE FDA IN THE COMING DAYS TO AUTHORIZE ITS BOOSTER SHOT FOR 16- AND 17-YEAR-OLDS- WAPO. ((Reuters.Briefs@thomsonreuters.com;)).; Nov 29 (Reuters) - :PFIZER AND BIONTECH ARE EXPECTED TO ASK THE FDA IN THE COMING DAYS TO AUTHORIZE ITS BOOSTER SHOT FOR 16- AND 17-YEAR-OLDS- WAPO. ((Reuters.Briefs@thomsonreuters.com;)).; Nov 29 (Reuters) - :MODERNA CEO STEPHANE BANCEL ON OMICRON VARIANT SAYS BELIEVE THIS VIRUS IS HIGHLY INFECTIOUS - CNBC INTERVIEW.MODERNA CEO STEPHANE BANCEL ON OMICRON VARIANT SAYS DATA ON VACCINE EFFICACY COULD BE KNOWN IN TWO-SIX WEEKS TO GET MORE CLARITY- CNBC INTERVIEW.MODERNA CEO STEPHANE BANCEL ON OMICRON VARIANT SAYS CURRENT MEASURES TAKEN BY MANY COUNTRIES CAN SLOW DOWN THE VIRUS - CNBC INTERVIEW.MODERNA CEO STEPHANE BANCEL ON OMICRON VARIANT SAYS IT WILL BE MONTHS BEFORE OMICRON SPECIFIC VACCINES CAN BE SHIPPED - CNBC INTERVIEW.Further company coverage: MRNA.O. ((Reuters.Briefs@thomsonreuters.c",0,0,1,0,0,1,0,1,"",0,"",0,"",0,"",0,"",0,"",0,"",0
84,"2021-12-20","AstraZeneca Says Saphnelo Recommended For EU Approval For Systemic Lupus Erythematosus; BioNTech - Pfizer And BioNTech To Provide EU More Than 200 Mln Additional Doses Of Comirnaty®; Moderna Announces Preliminary Booster Data, Updates Strategy To Address Omicron Variant; EMA Recommends Nuvaxovid For Authorisation In The EU","Regulatory; Strategic Combinations; Community; Regulatory","Dec 20 (Reuters) - AstraZeneca PLC ::ASTRAZENECA PLC - SAPHNELO RECOMMENDED FOR EU APPROVAL FOR SLE.ASTRAZENECA - SAPHNELO IS A FIRST-IN-CLASS TYPE I INTERFERON RECEPTOR ANTIBODY SHOWN TO REDUCE OVERALL DISEASE ACTIVITY IN PATIENTS WITH SYSTEMIC LUPUS ERYTHEMATOSUS.ASTRAZENECA - SAPHNELO RECOMMENDED FOR APPROVAL IN EU BY CHMP FOR TREATMENT OF PATIENTS WITH SYSTEMIC LUPUS ERYTHEMATOSUS.; Dec 20 (Reuters) - BioNTech SE ::PFIZER AND BIONTECH TO PROVIDE EUROPEAN UNION MORE THAN 200 MILLION ADDITIONAL DOSES OF COMIRNATY® TO HELP MEET CONTINUED NEED FOR VACCINE SUPPLY.THESE DOSES ARE IN ADDITION TO THE 450 MILLION DOSES ALREADY PLANNED FOR DELIVERY IN 2022, BRINGING THE TOTAL NUMBER OF VACCINE DOSES IN THE EUROPEAN UNION TO MORE THAN 650 MILLION.EUROPEAN COMISSION EXERCISE PART OF ITS OPTION FOR OVER 200 MILLION ADDITIONAL DOSES.PFIZER AND BIONTECH AGREED IN MAY TO SUPPLY 900 MILLION DOSES TO EUROPEAN COMMISSION (EC) IN 2022 AND 2023, WITH OPTION TO REQUEST UP TO AN ADDITIONAL 900 MILLION DOSES.Further company coverage: [22UAy.DE]. (Gdansk Newsroom). ((gdansk.newsroom@thomsonreuters.com; +48 58 769 66 00;)).; Dec 20 (Reuters) - :MODERNA ANNOUNCES PRELIMINARY BOOSTER DATA AND UPDATES STRATEGY TO ADDRESS OMICRON VARIANT.MODERNA INC- AUTHORIZED 100 _ICROGRAM BOOSTER DOSE OF MRNA-1273 INCREASES OMICRON NEUTRALIZING ANTIBODY LEVELS APPROXIMATELY 83-FOLD__.MODERNA INC - 100 _ICROGRAM BOOSTER DOSE OF MRNA-1273 WAS GENERALLY SAFE AND WELL TOLERATED.MODERNA INC - AUTHORIZED BOOSTER (50 _ICROGRAM OF MRNA-1273) INCREASES OMICRON NEUTRALIZING ANTIBODY LEVELS APPROXIMATELY 37-FOLD.MODERNA- __WILL ALSO CONTINUE TO DEVELOP AN OMICRON-SPECIFIC VARIANT VACCINE THAT IT EXPECTS TO ADVANCE INTO CLINICAL TRIALS IN EARLY 2022.MODERNA -THERE WAS A TREND TOWARD SLIGHTLY MORE FREQUENT ADVERSE REACTIONS FOLLOWING 100 _ICROGRAM BOOSTER DOSE RELATIVE TO 50 _ICROGRAM DOSE__.MODERNA INC - __WILL EVALUATE INCLUDING OMICRON IN ITS MULTIVALENT BOOSTER PR; Dec 20 (Reuters) - European Medicines Agency::EMA: EMA RECOMMENDS NUVAXOVID FOR AUTHORISATION IN THE EU.EMA: HAS RECOMMENDED GRANTING A CONDITIONAL MARKETING AUTHORISATION FOR NOVAVAX’S COVID-19 VACCINE TO PREVENT COVID-19 IN PEOPLE FROM 18 YEARS OF AGE.EMA: NOVAVAX SHOT IS THE FIFTH VACCINE RECOMMENDED IN THE EU FOR PREVENTING COVID-19.EMA SAYS CONCLUDED THAT THE DATA ON THE VACCINE WERE ROBUST AND MET THE EU CRITERIA FOR EFFICACY, SAFETY AND QUALITY.EMA: SIDE EFFECTS OBSERVED WITH NUVAXOVID IN THE STUDIES WERE USUALLY MILD OR MODERATE AND CLEARED WITHIN A COUPLE OF DAYS AFTER VACCINATION.Further company coverage: NVAX.O. ((Reuters.Briefs@thomsonreuters.com;;)).",0,0,1,1,1,1,0,0,"",0,"AstraZeneca Says Saphnelo Recommended For EU Approval For Systemic Lupus Erythematosus; BioNTech - Pfizer And BioNTech To Provide EU More Than 200 Mln Additional Doses Of Comirnaty®; Moderna Announces Preliminary Booster Data, Updates Strategy To Address Omicron Variant; EMA Recommends Nuvaxovid For Authorisation In The EU",1,"",0,"",0,"",0,"",0,"AstraZeneca Says Saphnelo Recommended For EU Approval For Systemic Lupus Erythematosus; BioNTech - Pfizer And BioNTech To Provide EU More Than 200 Mln Additional Doses Of Comirnaty®; Moderna Announces Preliminary Booster Data, Updates Strategy To Address Omicron Variant; EMA Recommends Nuvaxovid For Authorisation In The EU",1
85,"2021-12-27","India's CDSCO Panel Recommends Emergency Use Authorisation For Serum Institute Of India's COVID-19 Vaccine Covovax - TOI Citing PTI; U.S. CDC Says Delivered 609,589,955 Doses Of Covid-19 Vaccine As Of Dec 27; U.S. CDC Says Delivered 609,589,955 Doses Of Covid-19 Vaccine As Of Dec 27","Regulatory, Community; Regulatory; Regulatory","Dec 27 (Reuters) - :INDIA'S CDSCO PANEL RECOMMENDS EMERGENCY USE AUTHORISATION FOR SERUM INSTITUE OF INDIA'S COVID VACCINE COVOVAX - TOI CITING PTI.NOVAVAX'S COVID-19 VACCINE IS SOLD BY SERUM INSTITUTE IN INDIA (SII) UNDER THE BRAND NAME COVOVAX. ((Reuters.Briefs@thomsonreuters.com;)).; Dec 27 (Reuters) - U.S. CDC::U.S. CDC SAYS DELIVERED 609,589,955 DOSES OF COVID-19 VACCINE AS OF DEC 27.U.S. CDC SAYS ADMINISTERED 503,480,667 DOSES OF COVID-19 VACCINE AS OF DEC 27.U.S. CDC SAYS 242,433,620 INDIVIDUALS HAVE RECEIVED AT LEAST ONE DOSE OF COVID-19 VACCINE AS OF DEC 27.U.S. CDC SAYS 205,196,973 INDIVIDUALS HAVE BEEN FULLY VACCINATED AGAINST COVID-19 AS OF DEC 27.U.S. CDC SAYS AS OF DECEMBER 27, 66,366,001 PEOPLE RECEIVED A BOOSTER DOSE FOR COVID-19 VACCINE SINCE AUGUST 13, 2021. ((Reuters.Briefs@thomsonreuters.com;)).; Dec 27 (Reuters) - U.S. CDC::U.S. CDC SAYS DELIVERED 609,589,955 DOSES OF COVID-19 VACCINE AS OF DEC 27.U.S. CDC SAYS ADMINISTERED 503,480,667 DOSES OF COVID-19 VACCINE AS OF DEC 27.U.S. CDC SAYS 242,433,620 INDIVIDUALS HAVE RECEIVED AT LEAST ONE DOSE OF COVID-19 VACCINE AS OF DEC 27.U.S. CDC SAYS 205,196,973 INDIVIDUALS HAVE BEEN FULLY VACCINATED AGAINST COVID-19 AS OF DEC 27.U.S. CDC SAYS AS OF DECEMBER 27, 66,366,001 PEOPLE RECEIVED A BOOSTER DOSE FOR COVID-19 VACCINE SINCE AUGUST 13, 2021. ((Reuters.Briefs@thomsonreuters.com;)).",1,0,0,0,1,1,0,0,"",0,"",0,"",0,"",0,"",0,"",0,"",0
86,"2021-12-31","UK's MHRA Approves Oral COVID-19 Antiviral, Paxlovid","Regulatory","Dec 31 (Reuters) - UK's Medicines and Healthcare Products Regulatory Agency::ORAL COVID-19 ANTIVIRAL, PAXLOVID, APPROVED BY UK REGULATOR.NEW COMBINATION TREATMENT IS FOR PEOPLE WITH MILD TO MODERATE COVID-19 WHO ARE AT HIGH RISK OF DEVELOPING SEVERE COVID-19.TOO EARLY TO KNOW WHETHER OMICRON VARIANT HAS ANY IMPACT ON PAXLOVID'S EFFECTIVENESS.NUMBER OF HOSPITALISATIONS AND DEATHS WERE 0.8% (3 OUT OF 389) IN THE PAXLOVID GROUP COMPARED WITH 7% (27 OUT OF 385) IN THE PLACEBO GROUP.THE TWO ACTIVE SUBSTANCES OF PAXLOVID COME AS SEPARATE TABLETS THAT ARE PACKAGED TOGETHER AND TAKEN TOGETHER, TWICE A DAY BY MOUTH FOR 5 DAYS.MHRA IS PROACTIVELY WORKING WITH COMPANY TO ESTABLISH EFFECTIVENESS OF PAXLOVID AGAINST OMICRON.PAXLOVID AUTHORISED FOR USE IN PEOPLE AGED 18 & ABOVE WHO HAVE MILD TO MODERATE COVID-19 INFECTION & AT LEAST 1 RISK FACTOR FOR DEVELOPING SEVERE ILLNESS.BASED ON CLINICAL TRIAL DATA, PAXLOVID IS MOST EFFECTIVE WHEN TAKEN DURING THE EARLY STAGES OF INFECTION.BEFORE PAXLOVID IS PRESCRIBED, MHRA IS ADVISING THAT PATIENTS' CURRENT MEDICATIONS SHOULD BE CAREFULLY REVIEWED.RISK FACTORS INCLUDE OBESITY, OLDER AGE (>60 YEARS), DIABETES MELLITUS, OR HEART DISEASE.Further company coverage: PFE.N. ((Reuters.Briefs@thomsonreuters.com;;)).",0,0,0,0,0,1,0,0,"",0,"",0,"",0,"",0,"",0,"",0,"",0
87,"2022-01-13","GSK And Vir Submit Emergency Use Authorization Application To FDA For Intramuscular Administration Of Sotrovimab For Early Treatment Of Covid-19","Products","Jan 13 (Reuters) - GlaxoSmithKline PLC ::GSK AND VIR SUBMIT EMERGENCY USE AUTHORIZATION APPLICATION TO FDA FOR INTRAMUSCULAR ADMINISTRATION OF SOTROVIMAB FOR THE EARLY TREATMENT OF COVID-19.VIR - SUBMISSION OF AN APPLICATION TO FDA REQUESTING AN AMENDMENT TO EUA FOR SOTROVIMAB, TO INCLUDE INTRAMUSCULAR (IM) ADMINISTRATION.",0,0,0,0,0,0,1,0,"",0,"",0,"",0,"",0,"",0,"",0,"",0
88,"2022-01-18","French Drug Safety Agency Details Latest Study On COVID-19 Vaccines; Pfizer files for Swiss authorization of COVID-19 drug; 23andMe Announces Extension Of GSK Collaboration And Update On Joint Immuno-Oncology Program; French Drug Safety Agency Details Latest Study On COVID-19 Vaccines; Mabion Signs Statement Of Work With Novavax","Regulatory; Community; Strategic Combinations; Regulatory; Business Deals, Strategic Combinations","Jan 18 (Reuters) - France's ansm drug safety agency: :FRENCH DRUG SAFETY REGULATOR ANSM SAYS STUDY CONFIRMS THE SAFETY OF MRNA COVID-19 VACCINES AGAINST THE RISK OF SERIOUS CARDIOVASCULAR EVENTS IN ADULTS.FRENCH DRUG SAFETY REGULATOR SAYS IN CONTRAST, ADENOVIRUS VACCINES APPEAR TO BE ASSOCIATED WITH A SLIGHT INCREASE IN THE RISK OF MYOCARDIAL INFARCTION AND PULMONARY EMBOLISM IN ADULTS WITHIN TWO WEEKS OF INJECTION.Related statement (in French): ANSM website. ((Tassilo.Hummel@thomsonreuters.com; +33 (0) 6 75 31 92 00;)).; BERLIN, Jan 18 (Reuters) - Pfizer says::- submits authorisation application to Swissmedic for Paxlovid for treatment of COVID-19.; Jan 18 (Reuters) - 23andMe Holding Co. ::23ANDME ANNOUNCES EXTENSION OF GSK COLLABORATION AND UPDATE ON JOINT IMMUNO-ONCOLOGY PROGRAM.23ANDME HOLDING CO. - WILL RECEIVE A ONE-TIME PAYMENT OF $50 MILLION TO EXTEND PERIOD.23ANDME HOLDING CO. - HAS ELECTED TO TAKE A ROYALTY OPTION ON ITS JOINT IMMUNO-ONCOLOGY ANTIBODY COLLABORATION PROGRAM WITH GSK TARGETING CD96.23ANDME HOLDING - GSK ELECTED TO EXERCISE OPTION TO EXTEND EXCLUSIVE TARGET DISCOVERY PERIOD OF ONGOING COLLABORATION WITH CO FOR ADDITIONAL YEAR TO JULY 2023.23ANDME - GSK WILL BE SOLELY RESPONSIBLE FOR GSK'608'S SUBSEQUENT DEVELOPMENT IN LATER-STAGE CLINICAL TRIALS.; Jan 18 (Reuters) - France's ansm drug safety agency: :FRENCH DRUG SAFETY REGULATOR ANSM SAYS STUDY CONFIRMS THE SAFETY OF MRNA COVID-19 VACCINES AGAINST THE RISK OF SERIOUS CARDIOVASCULAR EVENTS IN ADULTS.FRENCH DRUG SAFETY REGULATOR SAYS IN CONTRAST, ADENOVIRUS VACCINES APPEAR TO BE ASSOCIATED WITH A SLIGHT INCREASE IN THE RISK OF MYOCARDIAL INFARCTION AND PULMONARY EMBOLISM IN ADULTS WITHIN TWO WEEKS OF INJECTION.Related statement (in French): ANSM website. ((Tassilo.Hummel@thomsonreuters.com; +33 (0) 6 75 31 92 00;)).; Jan 18 (Reuters) - Mabion SA ::SIGNS STATEMENT OF WORK WITH NOVAVAX.UNDER DEAL COMPANY WILL CARRY OUT ANALYTICAL SERVICES RELATED TO CONTROL QUALITY OF NUVAXOVID VACCINE.",1,0,0,1,1,1,1,0,"",0,"",0,"",0,"",0,"",0,"",0,"",0
89,"2022-01-19","Sanofi/Regeneron: more positive Phase 3 trial data out on Dupixent®; Glaxosmithkline Appoints Tony Wood As CSO Designate","Regulatory, Earnings Announcements; Officer Changes, Mergers / Acquisitions","Jan 19 (Reuters) - Sanofi /Regeneron: : * Second positive Phase 3 Dupixent(®) (dupilumab) trial confirms significant improvements for patients with prurigo nodularis .LATEST DATA CONTINUE TO SUPPORT WELL-ESTABLISHED SAFETY PROFILE OF DUPIXENT.LATEST DATA CONFIRM POSITIVE RESULTS PREVIOUSLY REPORTED FROM PHASE 3 PRIME2 TRIAL AND WILL BE SUBMITTED TO REGULATORY AUTHORITIES AROUND WORLD STARTING IN H1.; Jan 19 (Reuters) - GlaxoSmithKline PLC ::GLAXOSMITHKLINE PLC - TONY WOOD APPOINTED CSO DESIGNATE, GSK.GSK - TONY WOOD TO ASSUME FULL ACCOUNTABILITY FOR GSK RESEARCH AND DEVELOPMENT IN AUGUST 2022.GSK - . HAL BARRON TO TRANSITION IN AUGUST 2022 FROM CSO TO A GSK NON-EXECUTIVE DIRECTOR WITH ADDITIONAL RESPONSIBILITIES TO SUPPORT RESEARCH AND DEVELOPMENT.GSK - HAL BARRON WILL ASSUME POSITION OF CEO AND BOARD CO-CHAIR OF ALTOS LABS EFFECTIVE 1 AUGUST 2022.",0,1,0,0,0,0,1,0,"",0,"",0,"",0,"Sanofi/Regeneron: more positive Phase 3 trial data out on Dupixent®; Glaxosmithkline Appoints Tony Wood As CSO Designate",1,"",0,"",0,"",0
90,"2022-01-21","Pfizer And Opko Provide Update On The Biologics License Application For Somatrogon For Pediatric Growth Hormone Deficiency; India CCI OKs Acquisition Of Glaxosmithkline Asia Private","Regulatory; Community, Regulatory","Jan 21 (Reuters) - PFIZER INC ::PFIZER AND OPKO PROVIDE UPDATE ON THE BIOLOGICS LICENSE APPLICATION FOR SOMATROGON FOR PEDIATRIC GROWTH HORMONE DEFICIENCY.PFIZER INC - U.S. FDA ISSUED A COMPLETE RESPONSE LETTER FOR BLA FOR SOMATROGON.PFIZER INC - EVALUATING FDA'S COMMENTS AND WILL WORK WITH AGENCY TO DETERMINE AN APPROPRIATE PATH FORWARD FOR SOMATROGON.PFIZER INC - PFIZER IS EVALUATING FDA'S COMMENTS ON SOMATROGON AND WILL WORK WITH AGENCY TO DETERMINE AN APPROPRIATE PATH FORWARD.; Jan 21 (Reuters) - :INDIA ANTITRUST BODY-APPROVES ACQUISITION OF GLAXOSMITHKLINE ASIA PRIVATE BY GSK CONSUMER HEALTHCARE OVERSEAS, GSK CONSUMER HEALTHCARE UK TRADING.",0,0,0,0,0,1,1,0,"",0,"",0,"",0,"",0,"",0,"",0,"",0
91,"2022-01-27","Drugs Controller General Of India Grants Conditional Market Approval For Covishield, Covaxin - CNBCTV 18; Pfizer Receives CHMP Positive Opinion For Novel Covid-19 Oral Treatment; Australia's TGA Says Pfizer's COVID-19 Vaccine Provisionally Approved As Booster For 16-17 Year Olds; EMA Recommends Conditional Marketing Authorisation For Paxlovid","Regulatory; Products, Regulatory; Regulatory; Regulatory, Community","Jan 27 (Reuters) - :DRUGS CONTROLLER GENERAL OF INDIA (DCGI) GRANTS CONDITIONAL MARKET APPROVAL FOR COVISHIELD AND COVAXIN - CNBCTV 18.Further company coverage: AZN.L. ((Reuters.Briefs@thomsonreuters.com;)).; Jan 27 (Reuters) - Pfizer Inc ::PFIZER RECEIVES CHMP POSITIVE OPINION FOR NOVEL COVID-19 ORAL TREATMENT.PFIZER INC - CHMP RECOMMENDS PAXLOVID™ (NIRMATRELVIR PF-07321332 TABLETS AND RITONAVIR TABLETS) FOR USE IN ADULTS WITH COVID-19.PFIZER INC - EUROPEAN COMMISSION DECISION ON CONDITIONAL MARKETING AUTHORIZATION EXPECTED IMMINENTLY.PFIZER INC - CHMP BASED ITS POSITIVE OPINION ON SCIENTIFIC EVIDENCE SUPPORTING PAXLOVID, INCLUDING DATA FROM PHASE 2/3 EPIC-HR TRIAL.; Jan 28 (Reuters) - Australia's Therapeutic Goods Administration::PFIZER'S COVID-19 VACCINE (COMIRNATY) PROVISIONALLY APPROVED FOR USE AS A BOOSTER IN INDIVIDUALS AGED 16-17 YEARS OLD.CONTINUES TO MONITOR ONGOING TRIALS ASSOCIATED WITH BOOSTER DOSES FOR YOUNGER CHILDREN.; Jan 27 (Reuters) - European Medicines Agency::EMA RECOMMENDS CONDITIONAL MARKETING AUTHORISATION FOR PAXLOVID.EMA: CHMP RECOMMENDED GRANTING CONDITIONAL MARKETING AUTHORISATION FOR ORAL ANTIVIRAL MEDICINE PAXLOVID FOR THE TREATMENT OF COVID-19.EMA: RECOMMENDED PAXLOVID FOR TREATING COVID-19 IN ADULTS WHO DO NOT REQUIRE SUPPLEMENTAL OXYGEN AND ARE AT INCREASED RISK OF SEVERE DISEASE.EMA SAYS PAXLOVID IS THE FIRST ANTIVIRAL MEDICINE TO BE GIVEN BY MOUTH THAT IS RECOMMENDED IN THE EU FOR TREATING COVID-19..EMA SAYS PAXLOVID IS ALSO EXPECTED TO BE ACTIVE AGAINST OMICRON AND OTHER VARIANTS..EMA: SAFETY PROFILE OF PAXLOVID WAS FAVOURABLE AND SIDE EFFECTS WERE GENERALLY MILD.EMA: MAJORITY OF PATIENTS IN STUDY WERE INFECTED WITH THE DELTA VARIANT; BASED ON LAB STUDIES, PAXLOVID ALSO EXPECTED TO BE ACTIVE AGAINST OMICRON.EMA: RITONAVIR IS KNOWN TO AFFECT ACTION OF MANY OTHER MEDICINES, AND WARNINGS AND ADVICE HAVE BEEN INCLUDED IN PAXLOVID’S PRODUCT INFORMATION.EMA: CHMP CONCLUDED THAT PAXLOVID'S BENEFITS ARE GREATER THAN ITS RISKS FOR THE APPROVED USE.Further company coverage: PFE.N. ((Reuters.Briefs@thomsonreuters.com;)).",0,0,0,1,0,1,0,0,"",0,"Drugs Controller General Of India Grants Conditional Market Approval For Covishield, Covaxin - CNBCTV 18; Pfizer Receives CHMP Positive Opinion For Novel Covid-19 Oral Treatment; Australia's TGA Says Pfizer's COVID-19 Vaccine Provisionally Approved As Booster For 16-17 Year Olds; EMA Recommends Conditional Marketing Authorisation For Paxlovid",1,"",0,"",0,"",0,"",0,"Drugs Controller General Of India Grants Conditional Market Approval For Covishield, Covaxin - CNBCTV 18; Pfizer Receives CHMP Positive Opinion For Novel Covid-19 Oral Treatment; Australia's TGA Says Pfizer's COVID-19 Vaccine Provisionally Approved As Booster For 16-17 Year Olds; EMA Recommends Conditional Marketing Authorisation For Paxlovid",1
92,"2022-03-01","Gsk Says EMA Accepts Marketing Authorisation Application For Daprodustat; Health Canada Says Pfizer Recalls Inderal-La (Propranolol Hydrochloride) Capsules Due To A Nitrosamine Impurity; FDA Approves Cell-Based Multiple Myeloma Therapy Developed By J&J - WSJ; Phase 3 Clover Trial For Pfizer’S Investigational Clostridioides Difficile Vaccine Indicates Strong Potential Effect In Reducing Duration And Severity Of Disease Based On Secondary Endpoints; Dariohealth Enters Into Strategic Agreement With Sanofi U.S.; Novavax Reports Qtrly Total Revenue $222.2 Million Versus $279.7 Million; Novavax Announces Extended Durability Of Protection Against Infection And Disease In United Kingdom Covid-19 Vaccine Phase 3 Clinical Trial","Mergers / Acquisitions; Products; Community; Regulatory, Other Pre-Announcement; Strategic Combinations; Other Pre-Announcement; Products, Regulatory","March 1 (Reuters) - GlaxoSmithKline PLC ::GLAXOSMITHKLINE PLC - DAPRODUSTAT APPLICATION ACCEPTED FOR REVIEW BY EMA.GSK - EUROPEAN MEDICINES AGENCY (EMA) ACCEPTS MARKETING AUTHORISATION APPLICATION FOR DAPRODUSTAT.GSK - EMA FILE ACCEPTANCE IS FIRST MAJOR REGULATORY MILESTONE FOR DAPRODUSTAT SINCE APPROVAL OF DUVROQ IN JAPAN.GSK - EMA FILE ACCEPTANCE IS FIRST MAJOR REGULATORY MILESTONE FOR DAPRODUSTAT SINCE APPROVAL OF DUVROQ IN JAPAN.; March 1 (Reuters) - Pfizer Inc ::HEALTH CANADA - PFIZER RECALLS INDERAL-LA (PROPRANOLOL HYDROCHLORIDE) CAPSULES DUE TO A NITROSAMINE IMPURITY.HEALTH CANADA - PFIZER CANADA IS RECALLING ALL LOTS OF INDERAL-LA EXTENDED RELEASE CAPSULES, IN 60 MG, 80 MG, 120 MG AND 160 MG STRENGTHS.; Feb 28 (Reuters) - :FDA APPROVES CELL-BASED MULTIPLE MYELOMA THERAPY DISCOVERED IN CHINA- WSJ.FDA ON MONDAY CLEARED THE THERAPY, NAMED CARVYKTI, FOR THE TREATMENT OF MULTIPLE MYELOMA IN ADULT PATIENTS DEVELOPED BY J&J.; March 1 (Reuters) - Pfizer Inc ::PHASE 3 CLOVER TRIAL FOR PFIZER’S INVESTIGATIONAL CLOSTRIDIOIDES DIFFICILE VACCINE INDICATES STRONG POTENTIAL EFFECT IN REDUCING DURATION AND SEVERITY OF DISEASE BASED ON SECONDARY ENDPOINTS.PFIZER INC - TRIAL DID NOT MEET ITS PRE-SPECIFIED PRIMARY ENDPOINT.PFIZER INC - VACCINE WAS VERY WELL TOLERATED AND SHOWED A FAVORABLE SAFETY PROFILE.PFIZER INC - PRE-SPECIFIED SECONDARY ENDPOINT SHOWED 0-11 VACCINE TO PLACEBO CASE SPLIT FOR MEDICALLY ATTENDED CDI, CORRESPONDING TO 100% VACCINE EFFICACY.PFIZER INC - COMPANY EVALUATING NEXT STEPS FOR C. DIFFICILE VACCINE PROGRAM IN COORDINATION WITH REGULATORY AGENCIES.PFIZER INC - PLANS TO SUBMIT FOR PRESENTATION OF PHASE 3 CLOVER TRIAL RESULTS, INCLUDING ALL SECONDARY ENDPOINTS, AT A FUTURE MEDICAL CONGRESS.PFIZER INC - IN STUDY, NUMBER OF PARTICIPANTS REPORTING OVERALL ADVERSE EVENTS, SERIOUS AES, WITHDRAWALS & DEATHS WERE SIMILAR BETWEEN TWO GROUPS.; March 1 (Reuters) - DarioHealth Corp ::DARIOHEALTH ENTERS INTO STRATEGIC AGREEMENT WITH SANOFI U.S..DARIOHEALTH CORP - MULTI-YEAR, $30 MILLION AGREEMENT WILL HELP ACCELERATE COMMERCIAL ADOPTION OF CO'S FULL SUITE OF DIGITAL THERAPEUTICS.; Feb 28 (Reuters) - Novavax ::NOVAVAX - QTRLY TOTAL REVENUE $222.2 MILLION VERSUS $279.7 MILLION; QTRLY LOSS PER SHARE $11.18.NOVAVAX - DEVELOPED OMICRON-SPECIFIC VACCINE; GMP MANUFACTURING ONGOING WITH DELIVERY EXPECTED TOWARD END OF Q1 2022.NOVAVAX - SEES 2022 TOTAL REVENUE OF BETWEEN $4 BILLION AND $5 BILLION.NOVAVAX - AS OF DECEMBER 31, 2021, CO HAD $1.5 BILLION IN CASH, CASH EQUIVALENTS, MARKETABLE SECURITIES AND RESTRICTED CASH.Q4 REVENUE VIEW $331.8 MILLION -- REFINITIV IBES DATA.FY2022 REVENUE VIEW $4.70 BILLION -- REFINITIV IBES DATA. ((Reuters.Briefs@thomsonreuters.com;)).; Feb 28 (Reuters) - Novavax ::NOVAVAX ANNOUNCES EXTENDED DURABILITY OF PROTECTION AGAINST INFECTION AND DISEASE IN UNITED KINGDOM COVID-19 VACCINE PHASE 3 CLINICAL TRIAL.NOVAVAX - NVX-COV2373 DEMONSTRATES PROTECTION AGAINST SYMPTOMATIC AND ASYMPTOMATIC INFECTION.NOVAVAX - CONTINUED REASSURING SAFETY PROFILE FOR NVX-COV2373 IN LINE WITH PREVIOUS TRIALS.NOVAVAX - HIGH LEVEL OF VACCINE EFFICACY MAINTAINED OVER 6-MONTH PERIOD OF SURVEILLANCE FOR NVX-COV2373. ((Reuters.Briefs@thomsonreuters.com;)).",1,1,0,0,1,1,1,0,"",0,"",0,"",0,"Gsk Says EMA Accepts Marketing Authorisation Application For Daprodustat; Health Canada Says Pfizer Recalls Inderal-La (Propranolol Hydrochloride) Capsules Due To A Nitrosamine Impurity; FDA Approves Cell-Based Multiple Myeloma Therapy Developed By J&J - WSJ; Phase 3 Clover Trial For Pfizer’S Investigational Clostridioides Difficile Vaccine Indicates Strong Potential Effect In Reducing Duration And Severity Of Disease Based On Secondary Endpoints; Dariohealth Enters Into Strategic Agreement With Sanofi U.S.; Novavax Reports Qtrly Total Revenue $222.2 Million Versus $279.7 Million; Novavax Announces Extended Durability Of Protection Against Infection And Disease In United Kingdom Covid-19 Vaccine Phase 3 Clinical Trial",1,"",0,"",0,"Gsk Says EMA Accepts Marketing Authorisation Application For Daprodustat; Health Canada Says Pfizer Recalls Inderal-La (Propranolol Hydrochloride) Capsules Due To A Nitrosamine Impurity; FDA Approves Cell-Based Multiple Myeloma Therapy Developed By J&J - WSJ; Phase 3 Clover Trial For Pfizer’S Investigational Clostridioides Difficile Vaccine Indicates Strong Potential Effect In Reducing Duration And Severity Of Disease Based On Secondary Endpoints; Dariohealth Enters Into Strategic Agreement With Sanofi U.S.; Novavax Reports Qtrly Total Revenue $222.2 Million Versus $279.7 Million; Novavax Announces Extended Durability Of Protection Against Infection And Disease In United Kingdom Covid-19 Vaccine Phase 3 Clinical Trial",1
